,template,run,mean,source_data,bw,paylen,impl_head,has_crc,cr,frames,frame_period,delay_sf1,delay_sf2,delay_sf3,delay_sf4,delay_sf5,delay_sf6,num_right,num_total,num_dec,time,load
6,lora_sim_multi1,2,1000,PKdhtXMmr18n2L9K88eMlGn7CcctT9RwKSB1FebW397VI5uG1yhc3uavuaOb9vyJ,250000,64,True,False,4,10,200,0,0,0,0,0,0,5,10,7,13.018132686615,2.39
7,lora_sim_multi4,16,1000,PKdhtXMmr18n2L9K88eMlGn7CcctT9RwKSB1FebW397VI5uG1yhc3uavuaOb9vyJ,250000,64,True,False,4,10,200,0,0,0,0,0,0,5,40,9,14.3992953300476,3.22
8,lora_sim_multi1,8,1000,PKdhtXMmr18n2L9K88eMlGn7CcctT9RwKSB1FebW397VI5uG1yhc3uavuaOb9vyJ,250000,64,True,False,4,10,200,0,0,0,0,0,0,6,10,8,13.0917885303497,0.88
9,lora_sim_multi1,19,1000,PKdhtXMmr18n2L9K88eMlGn7CcctT9RwKSB1FebW397VI5uG1yhc3uavuaOb9vyJ,250000,64,True,False,4,10,200,0,0,0,0,0,0,6,10,9,13.121041059494,1.38
11,lora_sim_multi5,2,1000,PKdhtXMmr18n2L9K88eMlGn7CcctT9RwKSB1FebW397VI5uG1yhc3uavuaOb9vyJ,250000,64,True,False,4,10,200,0,0,0,0,0,0,7,50,8,14.2935750484467,4.49
12,lora_sim_multi5,13,1000,PKdhtXMmr18n2L9K88eMlGn7CcctT9RwKSB1FebW397VI5uG1yhc3uavuaOb9vyJ,250000,64,True,False,4,10,200,0,0,0,0,0,0,7,50,12,14.1427118778229,4.02
13,lora_sim_multi6,21,1000,PKdhtXMmr18n2L9K88eMlGn7CcctT9RwKSB1FebW397VI5uG1yhc3uavuaOb9vyJ,250000,64,True,False,4,10,200,0,0,0,0,0,0,7,60,8,13.0218031406403,4.31
14,lora_sim_multi1,1,1000,PKdhtXMmr18n2L9K88eMlGn7CcctT9RwKSB1FebW397VI5uG1yhc3uavuaOb9vyJ,250000,64,True,False,4,10,200,0,0,0,0,0,0,8,10,9,13.2221343517303,2.88
15,lora_sim_multi1,5,1000,PKdhtXMmr18n2L9K88eMlGn7CcctT9RwKSB1FebW397VI5uG1yhc3uavuaOb9vyJ,250000,64,True,False,4,10,200,0,0,0,0,0,0,8,10,9,13.0295040607452,1.48
16,lora_sim_multi1,15,1000,PKdhtXMmr18n2L9K88eMlGn7CcctT9RwKSB1FebW397VI5uG1yhc3uavuaOb9vyJ,250000,64,True,False,4,10,200,0,0,0,0,0,0,8,10,9,13.0265758037567,1.29
17,lora_sim_multi1,17,1000,PKdhtXMmr18n2L9K88eMlGn7CcctT9RwKSB1FebW397VI5uG1yhc3uavuaOb9vyJ,250000,64,True,False,4,10,200,0,0,0,0,0,0,8,10,9,13.0412890911102,1.37
18,lora_sim_multi3,17,1000,PKdhtXMmr18n2L9K88eMlGn7CcctT9RwKSB1FebW397VI5uG1yhc3uavuaOb9vyJ,250000,64,True,False,4,10,200,0,0,0,0,0,0,8,30,11,14.8258974552155,2.65
19,lora_sim_multi4,1,1000,PKdhtXMmr18n2L9K88eMlGn7CcctT9RwKSB1FebW397VI5uG1yhc3uavuaOb9vyJ,250000,64,True,False,4,10,200,0,0,0,0,0,0,8,40,13,14.7690329551697,4.06
20,lora_sim_multi1,4,1000,PKdhtXMmr18n2L9K88eMlGn7CcctT9RwKSB1FebW397VI5uG1yhc3uavuaOb9vyJ,250000,64,True,False,4,10,200,0,0,0,0,0,0,9,10,9,13.0304915904999,1.63
21,lora_sim_multi1,6,1000,PKdhtXMmr18n2L9K88eMlGn7CcctT9RwKSB1FebW397VI5uG1yhc3uavuaOb9vyJ,250000,64,True,False,4,10,200,0,0,0,0,0,0,9,10,9,13.0315370559692,1.26
22,lora_sim_multi1,16,1000,PKdhtXMmr18n2L9K88eMlGn7CcctT9RwKSB1FebW397VI5uG1yhc3uavuaOb9vyJ,250000,64,True,False,4,10,200,0,0,0,0,0,0,9,10,9,13.0573205947876,1.61
23,lora_sim_multi1,18,1000,PKdhtXMmr18n2L9K88eMlGn7CcctT9RwKSB1FebW397VI5uG1yhc3uavuaOb9vyJ,250000,64,True,False,4,10,200,0,0,0,0,0,0,9,10,9,13.1858155727386,1.67
24,lora_sim_multi2,8,1000,PKdhtXMmr18n2L9K88eMlGn7CcctT9RwKSB1FebW397VI5uG1yhc3uavuaOb9vyJ,250000,64,True,False,4,10,200,0,0,0,0,0,0,9,20,18,18.598635673523,1.55
25,lora_sim_multi4,3,1000,PKdhtXMmr18n2L9K88eMlGn7CcctT9RwKSB1FebW397VI5uG1yhc3uavuaOb9vyJ,250000,64,True,False,4,10,200,0,0,0,0,0,0,9,40,13,14.7586276531219,4.17
26,lora_sim_multi1,0,1000,PKdhtXMmr18n2L9K88eMlGn7CcctT9RwKSB1FebW397VI5uG1yhc3uavuaOb9vyJ,250000,64,True,False,4,10,200,0,0,0,0,0,0,10,10,10,13.3894782066345,3.4
27,lora_sim_multi1,3,1000,PKdhtXMmr18n2L9K88eMlGn7CcctT9RwKSB1FebW397VI5uG1yhc3uavuaOb9vyJ,250000,64,True,False,4,10,200,0,0,0,0,0,0,10,10,10,13.0417056083679,1.93
28,lora_sim_multi1,7,1000,PKdhtXMmr18n2L9K88eMlGn7CcctT9RwKSB1FebW397VI5uG1yhc3uavuaOb9vyJ,250000,64,True,False,4,10,200,0,0,0,0,0,0,10,10,10,13.0265488624573,1.04
29,lora_sim_multi1,9,1000,PKdhtXMmr18n2L9K88eMlGn7CcctT9RwKSB1FebW397VI5uG1yhc3uavuaOb9vyJ,250000,64,True,False,4,10,200,0,0,0,0,0,0,10,10,10,13.0824029445648,0.74
30,lora_sim_multi1,11,1000,PKdhtXMmr18n2L9K88eMlGn7CcctT9RwKSB1FebW397VI5uG1yhc3uavuaOb9vyJ,250000,64,True,False,4,10,200,0,0,0,0,0,0,10,10,10,13.1476397514343,0.94
31,lora_sim_multi1,13,1000,PKdhtXMmr18n2L9K88eMlGn7CcctT9RwKSB1FebW397VI5uG1yhc3uavuaOb9vyJ,250000,64,True,False,4,10,200,0,0,0,0,0,0,10,10,10,13.0330238342285,1.16
32,lora_sim_multi1,14,1000,PKdhtXMmr18n2L9K88eMlGn7CcctT9RwKSB1FebW397VI5uG1yhc3uavuaOb9vyJ,250000,64,True,False,4,10,200,0,0,0,0,0,0,10,10,10,13.0455429553986,1.57
33,lora_sim_multi1,20,1000,PKdhtXMmr18n2L9K88eMlGn7CcctT9RwKSB1FebW397VI5uG1yhc3uavuaOb9vyJ,250000,64,True,False,4,10,200,0,0,0,0,0,0,10,10,10,13.7372014522553,1.17
34,lora_sim_multi1,21,1000,PKdhtXMmr18n2L9K88eMlGn7CcctT9RwKSB1FebW397VI5uG1yhc3uavuaOb9vyJ,250000,64,True,False,4,10,200,0,0,0,0,0,0,10,10,10,13.1191885471344,1.52
35,lora_sim_multi1,22,1000,PKdhtXMmr18n2L9K88eMlGn7CcctT9RwKSB1FebW397VI5uG1yhc3uavuaOb9vyJ,250000,64,True,False,4,10,200,0,0,0,0,0,0,10,10,10,13.1919543743134,1.18
36,lora_sim_multi1,23,1000,PKdhtXMmr18n2L9K88eMlGn7CcctT9RwKSB1FebW397VI5uG1yhc3uavuaOb9vyJ,250000,64,True,False,4,10,200,0,0,0,0,0,0,10,10,10,13.291538476944,1
37,lora_sim_multi1,24,1000,PKdhtXMmr18n2L9K88eMlGn7CcctT9RwKSB1FebW397VI5uG1yhc3uavuaOb9vyJ,250000,64,True,False,4,10,200,0,0,0,0,0,0,10,10,10,13.0390694141388,1.46
38,lora_sim_multi2,1,1000,PKdhtXMmr18n2L9K88eMlGn7CcctT9RwKSB1FebW397VI5uG1yhc3uavuaOb9vyJ,250000,64,True,False,4,10,200,0,0,0,0,0,0,10,20,18,18.8941173553467,0.31
39,lora_sim_multi2,9,1000,PKdhtXMmr18n2L9K88eMlGn7CcctT9RwKSB1FebW397VI5uG1yhc3uavuaOb9vyJ,250000,64,True,False,4,10,200,0,0,0,0,0,0,10,20,17,18.5857875347137,1.51
40,lora_sim_multi2,16,1000,PKdhtXMmr18n2L9K88eMlGn7CcctT9RwKSB1FebW397VI5uG1yhc3uavuaOb9vyJ,250000,64,True,False,4,10,200,0,0,0,0,0,0,10,20,19,16.802493095398,1.15
41,lora_sim_multi2,19,1000,PKdhtXMmr18n2L9K88eMlGn7CcctT9RwKSB1FebW397VI5uG1yhc3uavuaOb9vyJ,250000,64,True,False,4,10,200,0,0,0,0,0,0,10,20,10,16.2074420452118,2.69
42,lora_sim_multi3,21,1000,PKdhtXMmr18n2L9K88eMlGn7CcctT9RwKSB1FebW397VI5uG1yhc3uavuaOb9vyJ,250000,64,True,False,4,10,200,0,0,0,0,0,0,10,30,13,14.797997713089,2.37
43,lora_sim_multi4,10,1000,PKdhtXMmr18n2L9K88eMlGn7CcctT9RwKSB1FebW397VI5uG1yhc3uavuaOb9vyJ,250000,64,True,False,4,10,200,0,0,0,0,0,0,10,40,14,14.5166673660278,3.73
44,lora_sim_multi5,0,1000,PKdhtXMmr18n2L9K88eMlGn7CcctT9RwKSB1FebW397VI5uG1yhc3uavuaOb9vyJ,250000,64,True,False,4,10,200,0,0,0,0,0,0,10,50,17,14.322892665863,4.97
45,lora_sim_multi2,21,1000,PKdhtXMmr18n2L9K88eMlGn7CcctT9RwKSB1FebW397VI5uG1yhc3uavuaOb9vyJ,250000,64,True,False,4,10,200,0,0,0,0,0,0,11,20,17,15.7210838794708,2.48
46,lora_sim_multi4,21,1000,PKdhtXMmr18n2L9K88eMlGn7CcctT9RwKSB1FebW397VI5uG1yhc3uavuaOb9vyJ,250000,64,True,False,4,10,200,0,0,0,0,0,0,11,40,27,14.3657515048981,1.78
47,lora_sim_multi2,0,1000,PKdhtXMmr18n2L9K88eMlGn7CcctT9RwKSB1FebW397VI5uG1yhc3uavuaOb9vyJ,250000,64,True,False,4,10,200,0,0,0,0,0,0,13,20,18,18.898152589798,0.32
48,lora_sim_multi2,18,1000,PKdhtXMmr18n2L9K88eMlGn7CcctT9RwKSB1FebW397VI5uG1yhc3uavuaOb9vyJ,250000,64,True,False,4,10,200,0,0,0,0,0,0,13,20,17,16.517874956131,1.09
49,lora_sim_multi2,17,1000,PKdhtXMmr18n2L9K88eMlGn7CcctT9RwKSB1FebW397VI5uG1yhc3uavuaOb9vyJ,250000,64,True,False,4,10,200,0,0,0,0,0,0,14,20,19,16.7379381656647,1.13
50,lora_sim_multi3,16,1000,PKdhtXMmr18n2L9K88eMlGn7CcctT9RwKSB1FebW397VI5uG1yhc3uavuaOb9vyJ,250000,64,True,False,4,10,200,0,0,0,0,0,0,14,30,21,14.8583586215973,2.34
51,lora_sim_multi6,5,1000,PKdhtXMmr18n2L9K88eMlGn7CcctT9RwKSB1FebW397VI5uG1yhc3uavuaOb9vyJ,250000,64,True,False,4,10,200,0,0,0,0,0,0,14,60,29,13.0340373516083,3.5
52,lora_sim_multi2,22,1000,PKdhtXMmr18n2L9K88eMlGn7CcctT9RwKSB1FebW397VI5uG1yhc3uavuaOb9vyJ,250000,64,True,False,4,10,200,0,0,0,0,0,0,15,20,16,15.6511096954346,2.07
53,lora_sim_multi3,20,1000,PKdhtXMmr18n2L9K88eMlGn7CcctT9RwKSB1FebW397VI5uG1yhc3uavuaOb9vyJ,250000,64,True,False,4,10,200,0,0,0,0,0,0,15,30,26,14.801521062851,1.69
54,lora_sim_multi5,15,1000,PKdhtXMmr18n2L9K88eMlGn7CcctT9RwKSB1FebW397VI5uG1yhc3uavuaOb9vyJ,250000,64,True,False,4,10,200,0,0,0,0,0,0,15,50,30,14.1346213817596,2.76
55,lora_sim_multi2,7,1000,PKdhtXMmr18n2L9K88eMlGn7CcctT9RwKSB1FebW397VI5uG1yhc3uavuaOb9vyJ,250000,64,True,False,4,10,200,0,0,0,0,0,0,16,20,18,18.5989038944244,1.9
56,lora_sim_multi3,5,1000,PKdhtXMmr18n2L9K88eMlGn7CcctT9RwKSB1FebW397VI5uG1yhc3uavuaOb9vyJ,250000,64,True,False,4,10,200,0,0,0,0,0,0,16,30,23,15.4672749042511,0.87
57,lora_sim_multi3,10,1000,PKdhtXMmr18n2L9K88eMlGn7CcctT9RwKSB1FebW397VI5uG1yhc3uavuaOb9vyJ,250000,64,True,False,4,10,200,0,0,0,0,0,0,16,30,21,15.2266736030579,0.82
58,lora_sim_multi3,11,1000,PKdhtXMmr18n2L9K88eMlGn7CcctT9RwKSB1FebW397VI5uG1yhc3uavuaOb9vyJ,250000,64,True,False,4,10,200,0,0,0,0,0,0,16,30,23,15.2191715240479,0.99
59,lora_sim_multi3,15,1000,PKdhtXMmr18n2L9K88eMlGn7CcctT9RwKSB1FebW397VI5uG1yhc3uavuaOb9vyJ,250000,64,True,False,4,10,200,0,0,0,0,0,0,16,30,23,14.8655185699463,1.42
60,lora_sim_multi4,0,1000,PKdhtXMmr18n2L9K88eMlGn7CcctT9RwKSB1FebW397VI5uG1yhc3uavuaOb9vyJ,250000,64,True,False,4,10,200,0,0,0,0,0,0,16,40,25,14.7756462097168,3.56
61,lora_sim_multi2,2,1000,PKdhtXMmr18n2L9K88eMlGn7CcctT9RwKSB1FebW397VI5uG1yhc3uavuaOb9vyJ,250000,64,True,False,4,10,200,0,0,0,0,0,0,17,20,18,18.8164291381836,0.4
62,lora_sim_multi2,14,1000,PKdhtXMmr18n2L9K88eMlGn7CcctT9RwKSB1FebW397VI5uG1yhc3uavuaOb9vyJ,250000,64,True,False,4,10,200,0,0,0,0,0,0,17,20,19,18.4002306461334,1.25
63,lora_sim_multi2,23,1000,PKdhtXMmr18n2L9K88eMlGn7CcctT9RwKSB1FebW397VI5uG1yhc3uavuaOb9vyJ,250000,64,True,False,4,10,200,0,0,0,0,0,0,17,20,17,15.6362762451172,1.69
64,lora_sim_multi2,24,1000,PKdhtXMmr18n2L9K88eMlGn7CcctT9RwKSB1FebW397VI5uG1yhc3uavuaOb9vyJ,250000,64,True,False,4,10,200,0,0,0,0,0,0,17,20,18,15.6303932666779,1.31
65,lora_sim_multi3,1,1000,PKdhtXMmr18n2L9K88eMlGn7CcctT9RwKSB1FebW397VI5uG1yhc3uavuaOb9vyJ,250000,64,True,False,4,10,200,0,0,0,0,0,0,17,30,26,15.6108453273773,1.06
66,lora_sim_multi3,3,1000,PKdhtXMmr18n2L9K88eMlGn7CcctT9RwKSB1FebW397VI5uG1yhc3uavuaOb9vyJ,250000,64,True,False,4,10,200,0,0,0,0,0,0,17,30,24,15.5436398983002,1.25
67,lora_sim_multi3,7,1000,PKdhtXMmr18n2L9K88eMlGn7CcctT9RwKSB1FebW397VI5uG1yhc3uavuaOb9vyJ,250000,64,True,False,4,10,200,0,0,0,0,0,0,17,30,24,15.4094769954681,0.64
68,lora_sim_multi3,14,1000,PKdhtXMmr18n2L9K88eMlGn7CcctT9RwKSB1FebW397VI5uG1yhc3uavuaOb9vyJ,250000,64,True,False,4,10,200,0,0,0,0,0,0,17,30,26,14.9548082351685,1.66
69,lora_sim_multi5,21,1000,PKdhtXMmr18n2L9K88eMlGn7CcctT9RwKSB1FebW397VI5uG1yhc3uavuaOb9vyJ,250000,64,True,False,4,10,200,0,0,0,0,0,0,17,50,30,14.1216967105865,4.82
70,lora_sim_multi2,3,1000,PKdhtXMmr18n2L9K88eMlGn7CcctT9RwKSB1FebW397VI5uG1yhc3uavuaOb9vyJ,250000,64,True,False,4,10,200,0,0,0,0,0,0,18,20,19,18.7978467941284,0.96
71,lora_sim_multi2,11,1000,PKdhtXMmr18n2L9K88eMlGn7CcctT9RwKSB1FebW397VI5uG1yhc3uavuaOb9vyJ,250000,64,True,False,4,10,200,0,0,0,0,0,0,18,20,19,18.5804057121277,1.15
72,lora_sim_multi2,12,1000,PKdhtXMmr18n2L9K88eMlGn7CcctT9RwKSB1FebW397VI5uG1yhc3uavuaOb9vyJ,250000,64,True,False,4,10,200,0,0,0,0,0,0,18,20,19,18.5669124126434,1.04
73,lora_sim_multi2,15,1000,PKdhtXMmr18n2L9K88eMlGn7CcctT9RwKSB1FebW397VI5uG1yhc3uavuaOb9vyJ,250000,64,True,False,4,10,200,0,0,0,0,0,0,18,20,19,18.3866400718689,1.11
74,lora_sim_multi2,20,1000,PKdhtXMmr18n2L9K88eMlGn7CcctT9RwKSB1FebW397VI5uG1yhc3uavuaOb9vyJ,250000,64,True,False,4,10,200,0,0,0,0,0,0,18,20,19,15.8028681278229,2.3
75,lora_sim_multi4,23,1000,PKdhtXMmr18n2L9K88eMlGn7CcctT9RwKSB1FebW397VI5uG1yhc3uavuaOb9vyJ,250000,64,True,False,4,10,200,0,0,0,0,0,0,18,40,30,14.3292627334595,3.18
76,lora_sim_multi5,1,1000,PKdhtXMmr18n2L9K88eMlGn7CcctT9RwKSB1FebW397VI5uG1yhc3uavuaOb9vyJ,250000,64,True,False,4,10,200,0,0,0,0,0,0,18,50,36,14.298006772995,4.51
77,lora_sim_multi5,8,1000,PKdhtXMmr18n2L9K88eMlGn7CcctT9RwKSB1FebW397VI5uG1yhc3uavuaOb9vyJ,250000,64,True,False,4,10,200,0,0,0,0,0,0,18,50,34,14.1611588001251,2.63
78,lora_sim_multi2,13,1000,PKdhtXMmr18n2L9K88eMlGn7CcctT9RwKSB1FebW397VI5uG1yhc3uavuaOb9vyJ,250000,64,True,False,4,10,200,0,0,0,0,0,0,19,20,20,18.4103858470917,1.03
79,lora_sim_multi3,4,1000,PKdhtXMmr18n2L9K88eMlGn7CcctT9RwKSB1FebW397VI5uG1yhc3uavuaOb9vyJ,250000,64,True,False,4,10,200,0,0,0,0,0,0,19,30,25,15.5299880504608,1.12
80,lora_sim_multi3,23,1000,PKdhtXMmr18n2L9K88eMlGn7CcctT9RwKSB1FebW397VI5uG1yhc3uavuaOb9vyJ,250000,64,True,False,4,10,200,0,0,0,0,0,0,19,30,27,14.789142370224,2.29
81,lora_sim_multi4,5,1000,PKdhtXMmr18n2L9K88eMlGn7CcctT9RwKSB1FebW397VI5uG1yhc3uavuaOb9vyJ,250000,64,True,False,4,10,200,0,0,0,0,0,0,19,40,29,14.5880024433136,3.4
82,lora_sim_multi5,6,1000,PKdhtXMmr18n2L9K88eMlGn7CcctT9RwKSB1FebW397VI5uG1yhc3uavuaOb9vyJ,250000,64,True,False,4,10,200,0,0,0,0,0,0,19,50,31,14.2221474647522,3.51
83,lora_sim_multi5,11,1000,PKdhtXMmr18n2L9K88eMlGn7CcctT9RwKSB1FebW397VI5uG1yhc3uavuaOb9vyJ,250000,64,True,False,4,10,200,0,0,0,0,0,0,19,50,37,14.1499407291412,1.63
84,lora_sim_multi5,24,1000,PKdhtXMmr18n2L9K88eMlGn7CcctT9RwKSB1FebW397VI5uG1yhc3uavuaOb9vyJ,250000,64,True,False,4,10,200,0,0,0,0,0,0,19,50,31,14.1057560443878,2.81
85,lora_sim_multi6,15,1000,PKdhtXMmr18n2L9K88eMlGn7CcctT9RwKSB1FebW397VI5uG1yhc3uavuaOb9vyJ,250000,64,True,False,4,10,200,0,0,0,0,0,0,19,60,36,13.0264856815338,2.28
86,lora_sim_multi2,4,1000,PKdhtXMmr18n2L9K88eMlGn7CcctT9RwKSB1FebW397VI5uG1yhc3uavuaOb9vyJ,250000,64,True,False,4,10,200,0,0,0,0,0,0,20,20,20,18.7918207645416,1.34
87,lora_sim_multi2,5,1000,PKdhtXMmr18n2L9K88eMlGn7CcctT9RwKSB1FebW397VI5uG1yhc3uavuaOb9vyJ,250000,64,True,False,4,10,200,0,0,0,0,0,0,20,20,20,18.7840554714203,2.37
88,lora_sim_multi2,6,1000,PKdhtXMmr18n2L9K88eMlGn7CcctT9RwKSB1FebW397VI5uG1yhc3uavuaOb9vyJ,250000,64,True,False,4,10,200,0,0,0,0,0,0,20,20,20,18.7044548988342,2.08
89,lora_sim_multi2,10,1000,PKdhtXMmr18n2L9K88eMlGn7CcctT9RwKSB1FebW397VI5uG1yhc3uavuaOb9vyJ,250000,64,True,False,4,10,200,0,0,0,0,0,0,20,20,20,18.5844104290009,1.17
90,lora_sim_multi3,0,1000,PKdhtXMmr18n2L9K88eMlGn7CcctT9RwKSB1FebW397VI5uG1yhc3uavuaOb9vyJ,250000,64,True,False,4,10,200,0,0,0,0,0,0,20,30,22,15.6240022182465,1.26
91,lora_sim_multi3,8,1000,PKdhtXMmr18n2L9K88eMlGn7CcctT9RwKSB1FebW397VI5uG1yhc3uavuaOb9vyJ,250000,64,True,False,4,10,200,0,0,0,0,0,0,20,30,25,15.401437997818,0.5
92,lora_sim_multi3,13,1000,PKdhtXMmr18n2L9K88eMlGn7CcctT9RwKSB1FebW397VI5uG1yhc3uavuaOb9vyJ,250000,64,True,False,4,10,200,0,0,0,0,0,0,20,30,25,14.9878225326538,2.04
93,lora_sim_multi4,18,1000,PKdhtXMmr18n2L9K88eMlGn7CcctT9RwKSB1FebW397VI5uG1yhc3uavuaOb9vyJ,250000,64,True,False,4,10,200,0,0,0,0,0,0,20,40,31,14.3912038803101,2.25
94,lora_sim_multi5,17,1000,PKdhtXMmr18n2L9K88eMlGn7CcctT9RwKSB1FebW397VI5uG1yhc3uavuaOb9vyJ,250000,64,True,False,4,10,200,0,0,0,0,0,0,20,50,32,14.1301336288452,1.9
95,lora_sim_multi5,22,1000,PKdhtXMmr18n2L9K88eMlGn7CcctT9RwKSB1FebW397VI5uG1yhc3uavuaOb9vyJ,250000,64,True,False,4,10,200,0,0,0,0,0,0,20,50,34,14.1203455924988,4.54
96,lora_sim_multi6,9,1000,PKdhtXMmr18n2L9K88eMlGn7CcctT9RwKSB1FebW397VI5uG1yhc3uavuaOb9vyJ,250000,64,True,False,4,10,200,0,0,0,0,0,0,20,60,31,13.0318703651428,3.42
97,lora_sim_multi6,13,1000,PKdhtXMmr18n2L9K88eMlGn7CcctT9RwKSB1FebW397VI5uG1yhc3uavuaOb9vyJ,250000,64,True,False,4,10,200,0,0,0,0,0,0,20,60,33,13.0280094146729,2.83
98,lora_sim_multi3,6,1000,PKdhtXMmr18n2L9K88eMlGn7CcctT9RwKSB1FebW397VI5uG1yhc3uavuaOb9vyJ,250000,64,True,False,4,10,200,0,0,0,0,0,0,21,30,23,15.4642372131348,0.82
99,lora_sim_multi3,18,1000,PKdhtXMmr18n2L9K88eMlGn7CcctT9RwKSB1FebW397VI5uG1yhc3uavuaOb9vyJ,250000,64,True,False,4,10,200,0,0,0,0,0,0,21,30,27,14.8125329017639,2.06
100,lora_sim_multi4,8,1000,PKdhtXMmr18n2L9K88eMlGn7CcctT9RwKSB1FebW397VI5uG1yhc3uavuaOb9vyJ,250000,64,True,False,4,10,200,0,0,0,0,0,0,21,40,27,14.5592880249023,3.44
101,lora_sim_multi4,12,1000,PKdhtXMmr18n2L9K88eMlGn7CcctT9RwKSB1FebW397VI5uG1yhc3uavuaOb9vyJ,250000,64,True,False,4,10,200,0,0,0,0,0,0,21,40,31,14.4930367469788,2.65
102,lora_sim_multi5,5,1000,PKdhtXMmr18n2L9K88eMlGn7CcctT9RwKSB1FebW397VI5uG1yhc3uavuaOb9vyJ,250000,64,True,False,4,10,200,0,0,0,0,0,0,21,50,36,14.2579824924469,4.1
103,lora_sim_multi6,3,1000,PKdhtXMmr18n2L9K88eMlGn7CcctT9RwKSB1FebW397VI5uG1yhc3uavuaOb9vyJ,250000,64,True,False,4,10,200,0,0,0,0,0,0,21,60,31,13.0356299877167,3.57
104,lora_sim_multi6,11,1000,PKdhtXMmr18n2L9K88eMlGn7CcctT9RwKSB1FebW397VI5uG1yhc3uavuaOb9vyJ,250000,64,True,False,4,10,200,0,0,0,0,0,0,21,60,33,13.0299432277679,4.02
105,lora_sim_multi6,20,1000,PKdhtXMmr18n2L9K88eMlGn7CcctT9RwKSB1FebW397VI5uG1yhc3uavuaOb9vyJ,250000,64,True,False,4,10,200,0,0,0,0,0,0,21,60,38,13.0227942466736,4.32
106,lora_sim_multi3,2,1000,PKdhtXMmr18n2L9K88eMlGn7CcctT9RwKSB1FebW397VI5uG1yhc3uavuaOb9vyJ,250000,64,True,False,4,10,200,0,0,0,0,0,0,22,30,24,15.6075248718262,1.52
107,lora_sim_multi3,12,1000,PKdhtXMmr18n2L9K88eMlGn7CcctT9RwKSB1FebW397VI5uG1yhc3uavuaOb9vyJ,250000,64,True,False,4,10,200,0,0,0,0,0,0,22,30,27,15.1134362220764,2.54
108,lora_sim_multi3,22,1000,PKdhtXMmr18n2L9K88eMlGn7CcctT9RwKSB1FebW397VI5uG1yhc3uavuaOb9vyJ,250000,64,True,False,4,10,200,0,0,0,0,0,0,22,30,22,14.7917623519897,2.16
109,lora_sim_multi4,4,1000,PKdhtXMmr18n2L9K88eMlGn7CcctT9RwKSB1FebW397VI5uG1yhc3uavuaOb9vyJ,250000,64,True,False,4,10,200,0,0,0,0,0,0,22,40,30,14.7410156726837,4.08
110,lora_sim_multi4,9,1000,PKdhtXMmr18n2L9K88eMlGn7CcctT9RwKSB1FebW397VI5uG1yhc3uavuaOb9vyJ,250000,64,True,False,4,10,200,0,0,0,0,0,0,22,40,31,14.5330667495728,2.75
111,lora_sim_multi4,19,1000,PKdhtXMmr18n2L9K88eMlGn7CcctT9RwKSB1FebW397VI5uG1yhc3uavuaOb9vyJ,250000,64,True,False,4,10,200,0,0,0,0,0,0,22,40,31,14.3810706138611,2.19
112,lora_sim_multi4,24,1000,PKdhtXMmr18n2L9K88eMlGn7CcctT9RwKSB1FebW397VI5uG1yhc3uavuaOb9vyJ,250000,64,True,False,4,10,200,0,0,0,0,0,0,22,40,30,14.325163602829,5.4
113,lora_sim_multi5,3,1000,PKdhtXMmr18n2L9K88eMlGn7CcctT9RwKSB1FebW397VI5uG1yhc3uavuaOb9vyJ,250000,64,True,False,4,10,200,0,0,0,0,0,0,22,50,32,14.2724611759186,3.94
114,lora_sim_multi5,9,1000,PKdhtXMmr18n2L9K88eMlGn7CcctT9RwKSB1FebW397VI5uG1yhc3uavuaOb9vyJ,250000,64,True,False,4,10,200,0,0,0,0,0,0,22,50,35,14.1556599140167,2.13
115,lora_sim_multi5,12,1000,PKdhtXMmr18n2L9K88eMlGn7CcctT9RwKSB1FebW397VI5uG1yhc3uavuaOb9vyJ,250000,64,True,False,4,10,200,0,0,0,0,0,0,22,50,34,14.1474461555481,2.44
116,lora_sim_multi6,7,1000,PKdhtXMmr18n2L9K88eMlGn7CcctT9RwKSB1FebW397VI5uG1yhc3uavuaOb9vyJ,250000,64,True,False,4,10,200,0,0,0,0,0,0,22,60,36,13.0330436229706,4.53
117,lora_sim_multi6,12,1000,PKdhtXMmr18n2L9K88eMlGn7CcctT9RwKSB1FebW397VI5uG1yhc3uavuaOb9vyJ,250000,64,True,False,4,10,200,0,0,0,0,0,0,22,60,33,13.0281567573547,3.02
118,lora_sim_multi3,19,1000,PKdhtXMmr18n2L9K88eMlGn7CcctT9RwKSB1FebW397VI5uG1yhc3uavuaOb9vyJ,250000,64,True,False,4,10,200,0,0,0,0,0,0,23,30,26,14.8032948970795,1.81
119,lora_sim_multi4,6,1000,PKdhtXMmr18n2L9K88eMlGn7CcctT9RwKSB1FebW397VI5uG1yhc3uavuaOb9vyJ,250000,64,True,False,4,10,200,0,0,0,0,0,0,23,40,34,14.5837244987488,3.02
120,lora_sim_multi4,17,1000,PKdhtXMmr18n2L9K88eMlGn7CcctT9RwKSB1FebW397VI5uG1yhc3uavuaOb9vyJ,250000,64,True,False,4,10,200,0,0,0,0,0,0,23,40,33,14.3966045379639,2.51
121,lora_sim_multi5,10,1000,PKdhtXMmr18n2L9K88eMlGn7CcctT9RwKSB1FebW397VI5uG1yhc3uavuaOb9vyJ,250000,64,True,False,4,10,200,0,0,0,0,0,0,23,50,32,14.1524631977081,1.8
122,lora_sim_multi6,0,1000,PKdhtXMmr18n2L9K88eMlGn7CcctT9RwKSB1FebW397VI5uG1yhc3uavuaOb9vyJ,250000,64,True,False,4,10,200,0,0,0,0,0,0,23,60,30,14.1041603088379,2.24
123,lora_sim_multi6,4,1000,PKdhtXMmr18n2L9K88eMlGn7CcctT9RwKSB1FebW397VI5uG1yhc3uavuaOb9vyJ,250000,64,True,False,4,10,200,0,0,0,0,0,0,23,60,35,13.0344412326813,2.69
124,lora_sim_multi6,14,1000,PKdhtXMmr18n2L9K88eMlGn7CcctT9RwKSB1FebW397VI5uG1yhc3uavuaOb9vyJ,250000,64,True,False,4,10,200,0,0,0,0,0,0,23,60,37,13.0272793769836,3
125,lora_sim_multi3,24,1000,PKdhtXMmr18n2L9K88eMlGn7CcctT9RwKSB1FebW397VI5uG1yhc3uavuaOb9vyJ,250000,64,True,False,4,10,200,0,0,0,0,0,0,24,30,27,14.7867321968079,3.68
126,lora_sim_multi4,14,1000,PKdhtXMmr18n2L9K88eMlGn7CcctT9RwKSB1FebW397VI5uG1yhc3uavuaOb9vyJ,250000,64,True,False,4,10,200,0,0,0,0,0,0,24,40,32,14.4306240081787,2.8
127,lora_sim_multi4,22,1000,PKdhtXMmr18n2L9K88eMlGn7CcctT9RwKSB1FebW397VI5uG1yhc3uavuaOb9vyJ,250000,64,True,False,4,10,200,0,0,0,0,0,0,24,40,32,14.3539628982544,1.89
128,lora_sim_multi5,20,1000,PKdhtXMmr18n2L9K88eMlGn7CcctT9RwKSB1FebW397VI5uG1yhc3uavuaOb9vyJ,250000,64,True,False,4,10,200,0,0,0,0,0,0,24,50,33,14.1288497447968,2.99
129,lora_sim_multi6,23,1000,PKdhtXMmr18n2L9K88eMlGn7CcctT9RwKSB1FebW397VI5uG1yhc3uavuaOb9vyJ,250000,64,True,False,4,10,200,0,0,0,0,0,0,24,60,33,13.0126259326935,3.75
130,lora_sim_multi3,9,1000,PKdhtXMmr18n2L9K88eMlGn7CcctT9RwKSB1FebW397VI5uG1yhc3uavuaOb9vyJ,250000,64,True,False,4,10,200,0,0,0,0,0,0,25,30,28,15.3619318008423,0.79
131,lora_sim_multi4,11,1000,PKdhtXMmr18n2L9K88eMlGn7CcctT9RwKSB1FebW397VI5uG1yhc3uavuaOb9vyJ,250000,64,True,False,4,10,200,0,0,0,0,0,0,25,40,34,14.5105314254761,3.21
132,lora_sim_multi5,7,1000,PKdhtXMmr18n2L9K88eMlGn7CcctT9RwKSB1FebW397VI5uG1yhc3uavuaOb9vyJ,250000,64,True,False,4,10,200,0,0,0,0,0,0,25,50,33,14.1636564731598,3.09
133,lora_sim_multi5,14,1000,PKdhtXMmr18n2L9K88eMlGn7CcctT9RwKSB1FebW397VI5uG1yhc3uavuaOb9vyJ,250000,64,True,False,4,10,200,0,0,0,0,0,0,25,50,34,14.137286901474,3.36
134,lora_sim_multi5,18,1000,PKdhtXMmr18n2L9K88eMlGn7CcctT9RwKSB1FebW397VI5uG1yhc3uavuaOb9vyJ,250000,64,True,False,4,10,200,0,0,0,0,0,0,25,50,35,14.1297438144684,1.55
135,lora_sim_multi5,23,1000,PKdhtXMmr18n2L9K88eMlGn7CcctT9RwKSB1FebW397VI5uG1yhc3uavuaOb9vyJ,250000,64,True,False,4,10,200,0,0,0,0,0,0,25,50,34,14.1171021461487,3.6
136,lora_sim_multi6,2,1000,PKdhtXMmr18n2L9K88eMlGn7CcctT9RwKSB1FebW397VI5uG1yhc3uavuaOb9vyJ,250000,64,True,False,4,10,200,0,0,0,0,0,0,25,60,35,13.0401680469513,3.36
137,lora_sim_multi6,19,1000,PKdhtXMmr18n2L9K88eMlGn7CcctT9RwKSB1FebW397VI5uG1yhc3uavuaOb9vyJ,250000,64,True,False,4,10,200,0,0,0,0,0,0,25,60,37,13.0242247581482,4.42
138,lora_sim_multi4,15,1000,PKdhtXMmr18n2L9K88eMlGn7CcctT9RwKSB1FebW397VI5uG1yhc3uavuaOb9vyJ,250000,64,True,False,4,10,200,0,0,0,0,0,0,26,40,32,14.4018318653107,2.38
139,lora_sim_multi4,20,1000,PKdhtXMmr18n2L9K88eMlGn7CcctT9RwKSB1FebW397VI5uG1yhc3uavuaOb9vyJ,250000,64,True,False,4,10,200,0,0,0,0,0,0,26,40,35,14.3682820796967,1.78
140,lora_sim_multi6,17,1000,PKdhtXMmr18n2L9K88eMlGn7CcctT9RwKSB1FebW397VI5uG1yhc3uavuaOb9vyJ,250000,64,True,False,4,10,200,0,0,0,0,0,0,26,60,34,13.0255851745605,2.72
141,lora_sim_multi5,4,1000,PKdhtXMmr18n2L9K88eMlGn7CcctT9RwKSB1FebW397VI5uG1yhc3uavuaOb9vyJ,250000,64,True,False,4,10,200,0,0,0,0,0,0,27,50,34,14.2706570625305,3.36
142,lora_sim_multi6,10,1000,PKdhtXMmr18n2L9K88eMlGn7CcctT9RwKSB1FebW397VI5uG1yhc3uavuaOb9vyJ,250000,64,True,False,4,10,200,0,0,0,0,0,0,27,60,38,13.0308945178986,3.69
143,lora_sim_multi6,22,1000,PKdhtXMmr18n2L9K88eMlGn7CcctT9RwKSB1FebW397VI5uG1yhc3uavuaOb9vyJ,250000,64,True,False,4,10,200,0,0,0,0,0,0,27,60,36,13.0201795101166,4.05
144,lora_sim_multi5,16,1000,PKdhtXMmr18n2L9K88eMlGn7CcctT9RwKSB1FebW397VI5uG1yhc3uavuaOb9vyJ,250000,64,True,False,4,10,200,0,0,0,0,0,0,28,50,39,14.134021282196,2.15
145,lora_sim_multi6,8,1000,PKdhtXMmr18n2L9K88eMlGn7CcctT9RwKSB1FebW397VI5uG1yhc3uavuaOb9vyJ,250000,64,True,False,4,10,200,0,0,0,0,0,0,28,60,32,13.032674074173,3.86
146,lora_sim_multi6,16,1000,PKdhtXMmr18n2L9K88eMlGn7CcctT9RwKSB1FebW397VI5uG1yhc3uavuaOb9vyJ,250000,64,True,False,4,10,200,0,0,0,0,0,0,28,60,37,13.0257651805878,2.42
147,lora_sim_multi6,1,1000,PKdhtXMmr18n2L9K88eMlGn7CcctT9RwKSB1FebW397VI5uG1yhc3uavuaOb9vyJ,250000,64,True,False,4,10,200,0,0,0,0,0,0,29,60,37,13.0467000007629,3
148,lora_sim_multi4,7,1000,PKdhtXMmr18n2L9K88eMlGn7CcctT9RwKSB1FebW397VI5uG1yhc3uavuaOb9vyJ,250000,64,True,False,4,10,200,0,0,0,0,0,0,32,40,34,14.5627384185791,2.49
,,,,,,,,,,,,,,,,,,,,,,
,,,,,,,,,,,,,,,,,,,,,,
,,,,,,,,,,,,,,,,,,,,,,
,,,,,,,,,,,,,,,,,,,,,,
,,,,,,,,,,,,,,,,,,,,,,
,,,,,,,,,,,,,,,,,,,,,,
,,,,,,,,,,,,,,,,,,,,,,
,,,,,,,,,,,,,,,,,,,,,,
,,,,,,,,,,,,,,,,,,,,,,
,,,,,,,,,,,,,,,,,,,,,,
,,,,,,,,,,,,,,,,,,,,,,
,,,,,,,,,,,,,,,,,,,,,,
,,,,,,,,,,,,,,,,,,,,,,
,,,,,,,,,,,,,,,,,,,,,,
,,,,,,, ,,,,,,,,,,,,,,,
