,template,run,mean,source_data,bw,sf,paylen,impl_head,has_crc,cr,frames,frame_period,num_right,num_total,num_dec,time,load
0,lora_sim_blocks,6,1000,PKdhtXMmr18n2L9K88eMlGn7CcctT9RwKSB1FebW397VI5uG1yhc3uavuaOb9vyJ,250000,12,64,True,False,4,10,200,10,10,10,19.2394986152649,1.75
1,lora_sim_chain,18,1000,PKdhtXMmr18n2L9K88eMlGn7CcctT9RwKSB1FebW397VI5uG1yhc3uavuaOb9vyJ,250000,12,64,True,False,4,10,200,10,10,10,19.2257926464081,0.82
2,lora_sim_blocks,4,1000,PKdhtXMmr18n2L9K88eMlGn7CcctT9RwKSB1FebW397VI5uG1yhc3uavuaOb9vyJ,250000,12,64,True,False,4,10,200,10,10,10,19.1559822559357,1.16
3,lora_sim_blocks,9,1000,PKdhtXMmr18n2L9K88eMlGn7CcctT9RwKSB1FebW397VI5uG1yhc3uavuaOb9vyJ,250000,12,64,True,False,4,10,200,10,10,10,19.1435492038727,0.95
4,lora_sim_blocks,1,1000,PKdhtXMmr18n2L9K88eMlGn7CcctT9RwKSB1FebW397VI5uG1yhc3uavuaOb9vyJ,250000,12,64,True,False,4,10,200,10,10,10,19.1186406612396,0.38
5,lora_sim_blocks,5,1000,PKdhtXMmr18n2L9K88eMlGn7CcctT9RwKSB1FebW397VI5uG1yhc3uavuaOb9vyJ,250000,12,64,True,False,4,10,200,9,10,9,19.051748752594,2.44
6,lora_sim_blocks,7,1000,PKdhtXMmr18n2L9K88eMlGn7CcctT9RwKSB1FebW397VI5uG1yhc3uavuaOb9vyJ,250000,12,64,True,False,4,10,200,10,10,10,19.0359029769897,1.75
7,lora_sim_blocks,0,1000,PKdhtXMmr18n2L9K88eMlGn7CcctT9RwKSB1FebW397VI5uG1yhc3uavuaOb9vyJ,250000,12,64,True,False,4,10,200,10,10,10,19.0182123184204,0.68
8,lora_sim_blocks,8,1000,PKdhtXMmr18n2L9K88eMlGn7CcctT9RwKSB1FebW397VI5uG1yhc3uavuaOb9vyJ,250000,12,64,True,False,4,10,200,10,10,10,19.0088322162628,0.99
9,lora_sim_chain,16,1000,PKdhtXMmr18n2L9K88eMlGn7CcctT9RwKSB1FebW397VI5uG1yhc3uavuaOb9vyJ,250000,12,64,True,False,4,10,200,10,10,10,19.0065820217133,0.64
10,lora_sim_blocks,10,1000,PKdhtXMmr18n2L9K88eMlGn7CcctT9RwKSB1FebW397VI5uG1yhc3uavuaOb9vyJ,250000,12,64,True,False,4,10,200,10,10,10,18.9989161491394,0.95
11,lora_sim_chain,15,1000,PKdhtXMmr18n2L9K88eMlGn7CcctT9RwKSB1FebW397VI5uG1yhc3uavuaOb9vyJ,250000,12,64,True,False,4,10,200,10,10,10,18.964031457901,0.84
12,lora_sim_chain,6,1000,PKdhtXMmr18n2L9K88eMlGn7CcctT9RwKSB1FebW397VI5uG1yhc3uavuaOb9vyJ,250000,12,64,True,False,4,10,200,10,10,10,18.9375183582306,0.62
13,lora_sim_chain,7,1000,PKdhtXMmr18n2L9K88eMlGn7CcctT9RwKSB1FebW397VI5uG1yhc3uavuaOb9vyJ,250000,12,64,True,False,4,10,200,10,10,10,18.9315671920776,0.42
14,lora_sim_chain,17,1000,PKdhtXMmr18n2L9K88eMlGn7CcctT9RwKSB1FebW397VI5uG1yhc3uavuaOb9vyJ,250000,12,64,True,False,4,10,200,10,10,10,18.9246253967285,0.75
15,lora_sim_blocks,21,1000,PKdhtXMmr18n2L9K88eMlGn7CcctT9RwKSB1FebW397VI5uG1yhc3uavuaOb9vyJ,250000,12,64,True,False,4,10,200,10,10,10,18.9198694229126,0.78
16,lora_sim_blocks,19,1000,PKdhtXMmr18n2L9K88eMlGn7CcctT9RwKSB1FebW397VI5uG1yhc3uavuaOb9vyJ,250000,12,64,True,False,4,10,200,10,10,10,18.9192171096802,0.73
17,lora_sim_chain,22,1000,PKdhtXMmr18n2L9K88eMlGn7CcctT9RwKSB1FebW397VI5uG1yhc3uavuaOb9vyJ,250000,12,64,True,False,4,10,200,10,10,10,18.9166805744171,0.69
18,lora_sim_chain,21,1000,PKdhtXMmr18n2L9K88eMlGn7CcctT9RwKSB1FebW397VI5uG1yhc3uavuaOb9vyJ,250000,12,64,True,False,4,10,200,10,10,10,18.9156658649445,1.17
19,lora_sim_blocks,18,1000,PKdhtXMmr18n2L9K88eMlGn7CcctT9RwKSB1FebW397VI5uG1yhc3uavuaOb9vyJ,250000,12,64,True,False,4,10,200,10,10,10,18.9113235473633,0.53
20,lora_sim_chain,19,1000,PKdhtXMmr18n2L9K88eMlGn7CcctT9RwKSB1FebW397VI5uG1yhc3uavuaOb9vyJ,250000,12,64,True,False,4,10,200,10,10,10,18.9092032909393,0.72
21,lora_sim_chain,5,1000,PKdhtXMmr18n2L9K88eMlGn7CcctT9RwKSB1FebW397VI5uG1yhc3uavuaOb9vyJ,250000,12,64,True,False,4,10,200,10,10,10,18.908198595047,0.85
22,lora_sim_chain,24,1000,PKdhtXMmr18n2L9K88eMlGn7CcctT9RwKSB1FebW397VI5uG1yhc3uavuaOb9vyJ,250000,12,64,True,False,4,10,200,10,10,10,18.9068779945374,1.01
23,lora_sim_blocks,17,1000,PKdhtXMmr18n2L9K88eMlGn7CcctT9RwKSB1FebW397VI5uG1yhc3uavuaOb9vyJ,250000,12,64,True,False,4,10,200,10,10,10,18.9056003093719,0.41
24,lora_sim_blocks,22,1000,PKdhtXMmr18n2L9K88eMlGn7CcctT9RwKSB1FebW397VI5uG1yhc3uavuaOb9vyJ,250000,12,64,True,False,4,10,200,10,10,10,18.9054870605469,0.33
25,lora_sim_chain,3,1000,PKdhtXMmr18n2L9K88eMlGn7CcctT9RwKSB1FebW397VI5uG1yhc3uavuaOb9vyJ,250000,12,64,True,False,4,10,200,10,10,10,18.9043514728546,0.68
26,lora_sim_blocks,20,1000,PKdhtXMmr18n2L9K88eMlGn7CcctT9RwKSB1FebW397VI5uG1yhc3uavuaOb9vyJ,250000,12,64,True,False,4,10,200,10,10,10,18.9034752845764,0.9
27,lora_sim_blocks,16,1000,PKdhtXMmr18n2L9K88eMlGn7CcctT9RwKSB1FebW397VI5uG1yhc3uavuaOb9vyJ,250000,12,64,True,False,4,10,200,10,10,10,18.9030795097351,0.14
28,lora_sim_chain,14,1000,PKdhtXMmr18n2L9K88eMlGn7CcctT9RwKSB1FebW397VI5uG1yhc3uavuaOb9vyJ,250000,12,64,True,False,4,10,200,10,10,10,18.9025535583496,0.7
29,lora_sim_chain,0,1000,PKdhtXMmr18n2L9K88eMlGn7CcctT9RwKSB1FebW397VI5uG1yhc3uavuaOb9vyJ,250000,12,64,True,False,4,10,200,10,10,10,18.9020133018494,0.62
30,lora_sim_blocks,2,1000,PKdhtXMmr18n2L9K88eMlGn7CcctT9RwKSB1FebW397VI5uG1yhc3uavuaOb9vyJ,250000,12,64,True,False,4,10,200,10,10,10,18.9013845920563,0.75
31,lora_sim_blocks,12,1000,PKdhtXMmr18n2L9K88eMlGn7CcctT9RwKSB1FebW397VI5uG1yhc3uavuaOb9vyJ,250000,12,64,True,False,4,10,200,10,10,10,18.9011166095734,0.13
32,lora_sim_chain,4,1000,PKdhtXMmr18n2L9K88eMlGn7CcctT9RwKSB1FebW397VI5uG1yhc3uavuaOb9vyJ,250000,12,64,True,False,4,10,200,10,10,10,18.8993332386017,0.83
33,lora_sim_chain,12,1000,PKdhtXMmr18n2L9K88eMlGn7CcctT9RwKSB1FebW397VI5uG1yhc3uavuaOb9vyJ,250000,12,64,True,False,4,10,200,10,10,10,18.8993313312531,0.17
34,lora_sim_blocks,13,1000,PKdhtXMmr18n2L9K88eMlGn7CcctT9RwKSB1FebW397VI5uG1yhc3uavuaOb9vyJ,250000,12,64,True,False,4,10,200,10,10,10,18.8992323875427,0.25
35,lora_sim_blocks,14,1000,PKdhtXMmr18n2L9K88eMlGn7CcctT9RwKSB1FebW397VI5uG1yhc3uavuaOb9vyJ,250000,12,64,True,False,4,10,200,10,10,10,18.8989143371582,0.11
36,lora_sim_blocks,3,1000,PKdhtXMmr18n2L9K88eMlGn7CcctT9RwKSB1FebW397VI5uG1yhc3uavuaOb9vyJ,250000,12,64,True,False,4,10,200,10,10,10,18.898383140564,0.58
37,lora_sim_chain,11,1000,PKdhtXMmr18n2L9K88eMlGn7CcctT9RwKSB1FebW397VI5uG1yhc3uavuaOb9vyJ,250000,12,64,True,False,4,10,200,10,10,10,18.8963663578033,0.11
38,lora_sim_blocks,15,1000,PKdhtXMmr18n2L9K88eMlGn7CcctT9RwKSB1FebW397VI5uG1yhc3uavuaOb9vyJ,250000,12,64,True,False,4,10,200,10,10,10,18.8963215351105,0.07
39,lora_sim_chain,9,1000,PKdhtXMmr18n2L9K88eMlGn7CcctT9RwKSB1FebW397VI5uG1yhc3uavuaOb9vyJ,250000,12,64,True,False,4,10,200,10,10,10,18.8938703536987,0.33
40,lora_sim_chain,2,1000,PKdhtXMmr18n2L9K88eMlGn7CcctT9RwKSB1FebW397VI5uG1yhc3uavuaOb9vyJ,250000,12,64,True,False,4,10,200,10,10,10,18.8937048912048,0.81
41,lora_sim_chain,10,1000,PKdhtXMmr18n2L9K88eMlGn7CcctT9RwKSB1FebW397VI5uG1yhc3uavuaOb9vyJ,250000,12,64,True,False,4,10,200,10,10,10,18.8913159370422,0.35
42,lora_sim_chain,1,1000,PKdhtXMmr18n2L9K88eMlGn7CcctT9RwKSB1FebW397VI5uG1yhc3uavuaOb9vyJ,250000,12,64,True,False,4,10,200,10,10,10,18.8911890983582,0.39
43,lora_sim_chain,23,1000,PKdhtXMmr18n2L9K88eMlGn7CcctT9RwKSB1FebW397VI5uG1yhc3uavuaOb9vyJ,250000,12,64,True,False,4,10,200,10,10,10,18.8909165859222,1.02
44,lora_sim_blocks,11,1000,PKdhtXMmr18n2L9K88eMlGn7CcctT9RwKSB1FebW397VI5uG1yhc3uavuaOb9vyJ,250000,12,64,True,False,4,10,200,10,10,10,18.8893077373505,0.44
45,lora_sim_chain,20,1000,PKdhtXMmr18n2L9K88eMlGn7CcctT9RwKSB1FebW397VI5uG1yhc3uavuaOb9vyJ,250000,12,64,True,False,4,10,200,10,10,10,18.888875246048,1.15
46,lora_sim_chain,8,1000,PKdhtXMmr18n2L9K88eMlGn7CcctT9RwKSB1FebW397VI5uG1yhc3uavuaOb9vyJ,250000,12,64,True,False,4,10,200,10,10,10,18.8874249458313,0.37
47,lora_sim_blocks,24,1000,PKdhtXMmr18n2L9K88eMlGn7CcctT9RwKSB1FebW397VI5uG1yhc3uavuaOb9vyJ,250000,12,64,True,False,4,10,200,10,10,10,18.885023355484,0.83
48,lora_sim_blocks,23,1000,PKdhtXMmr18n2L9K88eMlGn7CcctT9RwKSB1FebW397VI5uG1yhc3uavuaOb9vyJ,250000,12,64,True,False,4,10,200,10,10,10,18.8811223506928,0.16
49,lora_sim_chain,13,1000,PKdhtXMmr18n2L9K88eMlGn7CcctT9RwKSB1FebW397VI5uG1yhc3uavuaOb9vyJ,250000,12,64,True,False,4,10,200,10,10,10,18.8784513473511,0.2
50,lora_sim_blocks,7,1000,PKdhtXMmr18n2L9K88eMlGn7CcctT9RwKSB1FebW397VI5uG1yhc3uavuaOb9vyJ,250000,8,64,True,False,4,10,200,10,10,10,13.4886467456818,1.84
51,lora_sim_blocks,5,1000,PKdhtXMmr18n2L9K88eMlGn7CcctT9RwKSB1FebW397VI5uG1yhc3uavuaOb9vyJ,250000,10,64,True,False,4,10,200,10,10,10,13.4692575931549,1.67
52,lora_sim_blocks,6,1000,PKdhtXMmr18n2L9K88eMlGn7CcctT9RwKSB1FebW397VI5uG1yhc3uavuaOb9vyJ,250000,11,64,True,False,4,10,200,10,10,10,13.4539444446564,1.96
53,lora_sim_blocks,5,1000,PKdhtXMmr18n2L9K88eMlGn7CcctT9RwKSB1FebW397VI5uG1yhc3uavuaOb9vyJ,250000,7,64,True,False,4,10,200,10,10,10,13.4428610801697,1.26
54,lora_sim_blocks,6,1000,PKdhtXMmr18n2L9K88eMlGn7CcctT9RwKSB1FebW397VI5uG1yhc3uavuaOb9vyJ,250000,7,64,True,False,4,10,200,8,10,9,13.4006068706512,2.33
55,lora_sim_blocks,4,1000,PKdhtXMmr18n2L9K88eMlGn7CcctT9RwKSB1FebW397VI5uG1yhc3uavuaOb9vyJ,250000,11,64,True,False,4,10,200,10,10,10,13.337753534317,0.96
56,lora_sim_blocks,7,1000,PKdhtXMmr18n2L9K88eMlGn7CcctT9RwKSB1FebW397VI5uG1yhc3uavuaOb9vyJ,250000,7,64,True,False,4,10,200,10,10,10,13.3145849704742,1.71
57,lora_sim_blocks,5,1000,PKdhtXMmr18n2L9K88eMlGn7CcctT9RwKSB1FebW397VI5uG1yhc3uavuaOb9vyJ,250000,9,64,True,False,4,10,200,10,10,10,13.3127059936523,1.17
58,lora_sim_blocks,0,1000,PKdhtXMmr18n2L9K88eMlGn7CcctT9RwKSB1FebW397VI5uG1yhc3uavuaOb9vyJ,250000,7,64,True,False,4,10,200,10,10,10,13.2871613502502,1.53
59,lora_sim_blocks,6,1000,PKdhtXMmr18n2L9K88eMlGn7CcctT9RwKSB1FebW397VI5uG1yhc3uavuaOb9vyJ,250000,10,64,True,False,4,10,200,10,10,10,13.2836656570435,2.23
60,lora_sim_blocks,7,1000,PKdhtXMmr18n2L9K88eMlGn7CcctT9RwKSB1FebW397VI5uG1yhc3uavuaOb9vyJ,250000,9,64,True,False,4,10,200,9,10,9,13.2682054042816,1.7
61,lora_sim_blocks,5,1000,PKdhtXMmr18n2L9K88eMlGn7CcctT9RwKSB1FebW397VI5uG1yhc3uavuaOb9vyJ,250000,11,64,True,False,4,10,200,10,10,10,13.266051530838,2.11
62,lora_sim_blocks,10,1000,PKdhtXMmr18n2L9K88eMlGn7CcctT9RwKSB1FebW397VI5uG1yhc3uavuaOb9vyJ,250000,8,64,True,False,4,10,200,10,10,10,13.204790353775,1.24
63,lora_sim_blocks,11,1000,PKdhtXMmr18n2L9K88eMlGn7CcctT9RwKSB1FebW397VI5uG1yhc3uavuaOb9vyJ,250000,7,64,True,False,4,10,200,9,10,9,13.2014830112457,0.88
64,lora_sim_blocks,9,1000,PKdhtXMmr18n2L9K88eMlGn7CcctT9RwKSB1FebW397VI5uG1yhc3uavuaOb9vyJ,250000,11,64,True,False,4,10,200,10,10,10,13.1987218856812,0.92
65,lora_sim_blocks,1,1000,PKdhtXMmr18n2L9K88eMlGn7CcctT9RwKSB1FebW397VI5uG1yhc3uavuaOb9vyJ,250000,11,64,True,False,4,10,200,10,10,10,13.1971437931061,0.33
66,lora_sim_blocks,8,1000,PKdhtXMmr18n2L9K88eMlGn7CcctT9RwKSB1FebW397VI5uG1yhc3uavuaOb9vyJ,250000,11,64,True,False,4,10,200,10,10,10,13.196604013443,1.1
67,lora_sim_blocks,8,1000,PKdhtXMmr18n2L9K88eMlGn7CcctT9RwKSB1FebW397VI5uG1yhc3uavuaOb9vyJ,250000,10,64,True,False,4,10,200,10,10,10,13.1955876350403,1.22
68,lora_sim_blocks,5,1000,PKdhtXMmr18n2L9K88eMlGn7CcctT9RwKSB1FebW397VI5uG1yhc3uavuaOb9vyJ,250000,8,64,True,False,4,10,200,9,10,9,13.1955192089081,1.19
69,lora_sim_blocks,10,1000,PKdhtXMmr18n2L9K88eMlGn7CcctT9RwKSB1FebW397VI5uG1yhc3uavuaOb9vyJ,250000,11,64,True,False,4,10,200,10,10,10,13.1888308525085,1.01
70,lora_sim_blocks,6,1000,PKdhtXMmr18n2L9K88eMlGn7CcctT9RwKSB1FebW397VI5uG1yhc3uavuaOb9vyJ,250000,9,64,True,False,4,10,200,8,10,8,13.1801695823669,2.41
71,lora_sim_blocks,7,1000,PKdhtXMmr18n2L9K88eMlGn7CcctT9RwKSB1FebW397VI5uG1yhc3uavuaOb9vyJ,250000,11,64,True,False,4,10,200,10,10,10,13.1781961917877,1.93
72,lora_sim_blocks,4,1000,PKdhtXMmr18n2L9K88eMlGn7CcctT9RwKSB1FebW397VI5uG1yhc3uavuaOb9vyJ,250000,10,64,True,False,4,10,200,10,10,10,13.1699328422546,0.76
73,lora_sim_blocks,6,1000,PKdhtXMmr18n2L9K88eMlGn7CcctT9RwKSB1FebW397VI5uG1yhc3uavuaOb9vyJ,250000,8,64,True,False,4,10,200,9,10,9,13.1538133621216,2.66
74,lora_sim_blocks,8,1000,PKdhtXMmr18n2L9K88eMlGn7CcctT9RwKSB1FebW397VI5uG1yhc3uavuaOb9vyJ,250000,9,64,True,False,4,10,200,10,10,10,13.1529815196991,1.26
75,lora_sim_blocks,7,1000,PKdhtXMmr18n2L9K88eMlGn7CcctT9RwKSB1FebW397VI5uG1yhc3uavuaOb9vyJ,250000,10,64,True,False,4,10,200,10,10,10,13.1500909328461,1.59
76,lora_sim_blocks,9,1000,PKdhtXMmr18n2L9K88eMlGn7CcctT9RwKSB1FebW397VI5uG1yhc3uavuaOb9vyJ,250000,9,64,True,False,4,10,200,10,10,10,13.1449997425079,0.76
77,lora_sim_blocks,8,1000,PKdhtXMmr18n2L9K88eMlGn7CcctT9RwKSB1FebW397VI5uG1yhc3uavuaOb9vyJ,250000,8,64,True,False,4,10,200,10,10,10,13.1439559459686,1.52
78,lora_sim_chain,24,1000,PKdhtXMmr18n2L9K88eMlGn7CcctT9RwKSB1FebW397VI5uG1yhc3uavuaOb9vyJ,250000,8,64,True,False,4,10,200,10,10,10,13.1435070037842,0.99
79,lora_sim_blocks,11,1000,PKdhtXMmr18n2L9K88eMlGn7CcctT9RwKSB1FebW397VI5uG1yhc3uavuaOb9vyJ,250000,9,64,True,False,4,10,200,10,10,10,13.1406335830688,0.85
80,lora_sim_chain,21,1000,PKdhtXMmr18n2L9K88eMlGn7CcctT9RwKSB1FebW397VI5uG1yhc3uavuaOb9vyJ,250000,10,64,True,False,4,10,200,10,10,10,13.1356494426727,1.16
81,lora_sim_blocks,8,1000,PKdhtXMmr18n2L9K88eMlGn7CcctT9RwKSB1FebW397VI5uG1yhc3uavuaOb9vyJ,250000,7,64,True,False,4,10,200,10,10,10,13.1341066360474,1.56
82,lora_sim_blocks,11,1000,PKdhtXMmr18n2L9K88eMlGn7CcctT9RwKSB1FebW397VI5uG1yhc3uavuaOb9vyJ,250000,8,64,True,False,4,10,200,10,10,10,13.1298434734344,0.91
83,lora_sim_blocks,10,1000,PKdhtXMmr18n2L9K88eMlGn7CcctT9RwKSB1FebW397VI5uG1yhc3uavuaOb9vyJ,250000,10,64,True,False,4,10,200,10,10,10,13.1272466182709,1.21
84,lora_sim_chain,24,1000,PKdhtXMmr18n2L9K88eMlGn7CcctT9RwKSB1FebW397VI5uG1yhc3uavuaOb9vyJ,250000,9,64,True,False,4,10,200,10,10,10,13.12584400177,1.33
85,lora_sim_blocks,10,1000,PKdhtXMmr18n2L9K88eMlGn7CcctT9RwKSB1FebW397VI5uG1yhc3uavuaOb9vyJ,250000,7,64,True,False,4,10,200,9,10,9,13.1239538192749,1.39
86,lora_sim_blocks,9,1000,PKdhtXMmr18n2L9K88eMlGn7CcctT9RwKSB1FebW397VI5uG1yhc3uavuaOb9vyJ,250000,7,64,True,False,4,10,200,10,10,10,13.1233949661255,0.83
87,lora_sim_chain,6,1000,PKdhtXMmr18n2L9K88eMlGn7CcctT9RwKSB1FebW397VI5uG1yhc3uavuaOb9vyJ,250000,9,64,True,False,4,10,200,10,10,10,13.121054649353,0.53
88,lora_sim_chain,6,1000,PKdhtXMmr18n2L9K88eMlGn7CcctT9RwKSB1FebW397VI5uG1yhc3uavuaOb9vyJ,250000,11,64,True,False,4,10,200,10,10,10,13.1208183765411,0.86
89,lora_sim_blocks,1,1000,PKdhtXMmr18n2L9K88eMlGn7CcctT9RwKSB1FebW397VI5uG1yhc3uavuaOb9vyJ,250000,9,64,True,False,4,10,200,10,10,10,13.118227481842,0.4
90,lora_sim_chain,22,1000,PKdhtXMmr18n2L9K88eMlGn7CcctT9RwKSB1FebW397VI5uG1yhc3uavuaOb9vyJ,250000,7,64,True,False,4,10,200,10,10,10,13.1176052093506,1.06
91,lora_sim_blocks,9,1000,PKdhtXMmr18n2L9K88eMlGn7CcctT9RwKSB1FebW397VI5uG1yhc3uavuaOb9vyJ,250000,10,64,True,False,4,10,200,10,10,10,13.1172392368317,0.72
92,lora_sim_blocks,1,1000,PKdhtXMmr18n2L9K88eMlGn7CcctT9RwKSB1FebW397VI5uG1yhc3uavuaOb9vyJ,250000,10,64,True,False,4,10,200,10,10,10,13.1151103973389,0.34
93,lora_sim_blocks,10,1000,PKdhtXMmr18n2L9K88eMlGn7CcctT9RwKSB1FebW397VI5uG1yhc3uavuaOb9vyJ,250000,9,64,True,False,4,10,200,10,10,10,13.1133811473846,1.33
94,lora_sim_chain,23,1000,PKdhtXMmr18n2L9K88eMlGn7CcctT9RwKSB1FebW397VI5uG1yhc3uavuaOb9vyJ,250000,7,64,True,False,4,10,200,10,10,10,13.1113815307617,0.59
95,lora_sim_blocks,9,1000,PKdhtXMmr18n2L9K88eMlGn7CcctT9RwKSB1FebW397VI5uG1yhc3uavuaOb9vyJ,250000,8,64,True,False,4,10,200,10,10,10,13.1068503856659,0.79
96,lora_sim_chain,24,1000,PKdhtXMmr18n2L9K88eMlGn7CcctT9RwKSB1FebW397VI5uG1yhc3uavuaOb9vyJ,250000,11,64,True,False,4,10,200,10,10,10,13.1057457923889,1.2
97,lora_sim_chain,24,1000,PKdhtXMmr18n2L9K88eMlGn7CcctT9RwKSB1FebW397VI5uG1yhc3uavuaOb9vyJ,250000,10,64,True,False,4,10,200,10,10,10,13.1043434143066,1.35
98,lora_sim_chain,23,1000,PKdhtXMmr18n2L9K88eMlGn7CcctT9RwKSB1FebW397VI5uG1yhc3uavuaOb9vyJ,250000,11,64,True,False,4,10,200,10,10,10,13.0854096412659,0.93
99,lora_sim_chain,18,1000,PKdhtXMmr18n2L9K88eMlGn7CcctT9RwKSB1FebW397VI5uG1yhc3uavuaOb9vyJ,250000,7,64,True,False,4,10,200,10,10,10,13.0851819515228,0.8
100,lora_sim_chain,20,1000,PKdhtXMmr18n2L9K88eMlGn7CcctT9RwKSB1FebW397VI5uG1yhc3uavuaOb9vyJ,250000,7,64,True,False,4,10,200,10,10,10,13.0797789096832,0.93
101,lora_sim_chain,23,1000,PKdhtXMmr18n2L9K88eMlGn7CcctT9RwKSB1FebW397VI5uG1yhc3uavuaOb9vyJ,250000,9,64,True,False,4,10,200,9,10,9,13.0747230052948,1.1
102,lora_sim_chain,24,1000,PKdhtXMmr18n2L9K88eMlGn7CcctT9RwKSB1FebW397VI5uG1yhc3uavuaOb9vyJ,250000,7,64,True,False,4,10,200,7,10,8,13.0706419944763,1.08
103,lora_sim_chain,6,1000,PKdhtXMmr18n2L9K88eMlGn7CcctT9RwKSB1FebW397VI5uG1yhc3uavuaOb9vyJ,250000,7,64,True,False,4,10,200,8,10,9,13.0671377182007,0.8
104,lora_sim_chain,18,1000,PKdhtXMmr18n2L9K88eMlGn7CcctT9RwKSB1FebW397VI5uG1yhc3uavuaOb9vyJ,250000,9,64,True,False,4,10,200,10,10,10,13.0574011802673,0.67
105,lora_sim_chain,8,1000,PKdhtXMmr18n2L9K88eMlGn7CcctT9RwKSB1FebW397VI5uG1yhc3uavuaOb9vyJ,250000,7,64,True,False,4,10,200,10,10,10,13.056120634079,0.47
106,lora_sim_chain,15,1000,PKdhtXMmr18n2L9K88eMlGn7CcctT9RwKSB1FebW397VI5uG1yhc3uavuaOb9vyJ,250000,11,64,True,False,4,10,200,10,10,10,13.0550947189331,0.49
107,lora_sim_chain,18,1000,PKdhtXMmr18n2L9K88eMlGn7CcctT9RwKSB1FebW397VI5uG1yhc3uavuaOb9vyJ,250000,10,64,True,False,4,10,200,10,10,10,13.0545148849487,0.88
108,lora_sim_chain,6,1000,PKdhtXMmr18n2L9K88eMlGn7CcctT9RwKSB1FebW397VI5uG1yhc3uavuaOb9vyJ,250000,8,64,True,False,4,10,200,10,10,10,13.0519738197327,0.69
109,lora_sim_chain,6,1000,PKdhtXMmr18n2L9K88eMlGn7CcctT9RwKSB1FebW397VI5uG1yhc3uavuaOb9vyJ,250000,10,64,True,False,4,10,200,10,10,10,13.0519096851349,0.75
110,lora_sim_chain,14,1000,PKdhtXMmr18n2L9K88eMlGn7CcctT9RwKSB1FebW397VI5uG1yhc3uavuaOb9vyJ,250000,10,64,True,False,4,10,200,10,10,10,13.0481610298157,0.61
111,lora_sim_chain,7,1000,PKdhtXMmr18n2L9K88eMlGn7CcctT9RwKSB1FebW397VI5uG1yhc3uavuaOb9vyJ,250000,11,64,True,False,4,10,200,10,10,10,13.0470428466797,0.44
112,lora_sim_chain,16,1000,PKdhtXMmr18n2L9K88eMlGn7CcctT9RwKSB1FebW397VI5uG1yhc3uavuaOb9vyJ,250000,11,64,True,False,4,10,200,10,10,10,13.0461781024933,0.9
113,lora_sim_chain,14,1000,PKdhtXMmr18n2L9K88eMlGn7CcctT9RwKSB1FebW397VI5uG1yhc3uavuaOb9vyJ,250000,9,64,True,False,4,10,200,10,10,10,13.0456187725067,0.59
114,lora_sim_chain,7,1000,PKdhtXMmr18n2L9K88eMlGn7CcctT9RwKSB1FebW397VI5uG1yhc3uavuaOb9vyJ,250000,10,64,True,False,4,10,200,10,10,10,13.0391225814819,0.57
115,lora_sim_chain,7,1000,PKdhtXMmr18n2L9K88eMlGn7CcctT9RwKSB1FebW397VI5uG1yhc3uavuaOb9vyJ,250000,8,64,True,False,4,10,200,10,10,10,13.0388009548187,0.54
116,lora_sim_chain,19,1000,PKdhtXMmr18n2L9K88eMlGn7CcctT9RwKSB1FebW397VI5uG1yhc3uavuaOb9vyJ,250000,11,64,True,False,4,10,200,10,10,10,13.0379967689514,0.73
117,lora_sim_chain,17,1000,PKdhtXMmr18n2L9K88eMlGn7CcctT9RwKSB1FebW397VI5uG1yhc3uavuaOb9vyJ,250000,11,64,True,False,4,10,200,10,10,10,13.0371024608612,0.74
118,lora_sim_chain,15,1000,PKdhtXMmr18n2L9K88eMlGn7CcctT9RwKSB1FebW397VI5uG1yhc3uavuaOb9vyJ,250000,10,64,True,False,4,10,200,10,10,10,13.0367031097412,0.59
119,lora_sim_chain,18,1000,PKdhtXMmr18n2L9K88eMlGn7CcctT9RwKSB1FebW397VI5uG1yhc3uavuaOb9vyJ,250000,8,64,True,False,4,10,200,10,10,10,13.0366990566254,0.7
120,lora_sim_blocks,19,1000,PKdhtXMmr18n2L9K88eMlGn7CcctT9RwKSB1FebW397VI5uG1yhc3uavuaOb9vyJ,250000,9,64,True,False,4,10,200,10,10,10,13.0358023643494,0.5
121,lora_sim_blocks,1,1000,PKdhtXMmr18n2L9K88eMlGn7CcctT9RwKSB1FebW397VI5uG1yhc3uavuaOb9vyJ,250000,7,64,True,False,4,10,200,10,10,10,13.0352573394775,0.58
122,lora_sim_blocks,18,1000,PKdhtXMmr18n2L9K88eMlGn7CcctT9RwKSB1FebW397VI5uG1yhc3uavuaOb9vyJ,250000,11,64,True,False,4,10,200,10,10,10,13.0352139472961,0.26
123,lora_sim_chain,14,1000,PKdhtXMmr18n2L9K88eMlGn7CcctT9RwKSB1FebW397VI5uG1yhc3uavuaOb9vyJ,250000,11,64,True,False,4,10,200,10,10,10,13.0351378917694,0.67
124,lora_sim_chain,22,1000,PKdhtXMmr18n2L9K88eMlGn7CcctT9RwKSB1FebW397VI5uG1yhc3uavuaOb9vyJ,250000,11,64,True,False,4,10,200,10,10,10,13.0349938869476,0.79
125,lora_sim_chain,20,1000,PKdhtXMmr18n2L9K88eMlGn7CcctT9RwKSB1FebW397VI5uG1yhc3uavuaOb9vyJ,250000,11,64,True,False,4,10,200,10,10,10,13.0345845222473,0.92
126,lora_sim_blocks,19,1000,PKdhtXMmr18n2L9K88eMlGn7CcctT9RwKSB1FebW397VI5uG1yhc3uavuaOb9vyJ,250000,11,64,True,False,4,10,200,10,10,10,13.0343976020813,0.4
127,lora_sim_chain,7,1000,PKdhtXMmr18n2L9K88eMlGn7CcctT9RwKSB1FebW397VI5uG1yhc3uavuaOb9vyJ,250000,9,64,True,False,4,10,200,10,10,10,13.0342669487,0.45
128,lora_sim_chain,21,1000,PKdhtXMmr18n2L9K88eMlGn7CcctT9RwKSB1FebW397VI5uG1yhc3uavuaOb9vyJ,250000,11,64,True,False,4,10,200,9,10,9,13.0338504314423,1.13
129,lora_sim_blocks,0,1000,PKdhtXMmr18n2L9K88eMlGn7CcctT9RwKSB1FebW397VI5uG1yhc3uavuaOb9vyJ,250000,11,64,True,False,4,10,200,9,10,9,13.0334405899048,0.86
130,lora_sim_chain,7,1000,PKdhtXMmr18n2L9K88eMlGn7CcctT9RwKSB1FebW397VI5uG1yhc3uavuaOb9vyJ,250000,7,64,True,False,4,10,200,10,10,10,13.0325465202332,0.6
131,lora_sim_chain,19,1000,PKdhtXMmr18n2L9K88eMlGn7CcctT9RwKSB1FebW397VI5uG1yhc3uavuaOb9vyJ,250000,7,64,True,False,4,10,200,10,10,10,13.0323643684387,0.92
132,lora_sim_blocks,21,1000,PKdhtXMmr18n2L9K88eMlGn7CcctT9RwKSB1FebW397VI5uG1yhc3uavuaOb9vyJ,250000,11,64,True,False,4,10,200,10,10,10,13.0318019390106,0.72
133,lora_sim_chain,20,1000,PKdhtXMmr18n2L9K88eMlGn7CcctT9RwKSB1FebW397VI5uG1yhc3uavuaOb9vyJ,250000,8,64,True,False,4,10,200,10,10,10,13.0313572883606,0.8
134,lora_sim_blocks,20,1000,PKdhtXMmr18n2L9K88eMlGn7CcctT9RwKSB1FebW397VI5uG1yhc3uavuaOb9vyJ,250000,11,64,True,False,4,10,200,10,10,10,13.0310831069946,0.95
135,lora_sim_chain,22,1000,PKdhtXMmr18n2L9K88eMlGn7CcctT9RwKSB1FebW397VI5uG1yhc3uavuaOb9vyJ,250000,8,64,True,False,4,10,200,10,10,10,13.0306041240692,1.05
136,lora_sim_chain,21,1000,PKdhtXMmr18n2L9K88eMlGn7CcctT9RwKSB1FebW397VI5uG1yhc3uavuaOb9vyJ,250000,8,64,True,False,4,10,200,10,10,10,13.0304532051086,1.28
137,lora_sim_chain,8,1000,PKdhtXMmr18n2L9K88eMlGn7CcctT9RwKSB1FebW397VI5uG1yhc3uavuaOb9vyJ,250000,8,64,True,False,4,10,200,10,10,10,13.0303995609283,0.36
138,lora_sim_blocks,20,1000,PKdhtXMmr18n2L9K88eMlGn7CcctT9RwKSB1FebW397VI5uG1yhc3uavuaOb9vyJ,250000,9,64,True,False,4,10,200,10,10,10,13.0298159122467,0.74
139,lora_sim_blocks,19,1000,PKdhtXMmr18n2L9K88eMlGn7CcctT9RwKSB1FebW397VI5uG1yhc3uavuaOb9vyJ,250000,7,64,True,False,4,10,200,10,10,10,13.0295243263245,0.56
140,lora_sim_chain,17,1000,PKdhtXMmr18n2L9K88eMlGn7CcctT9RwKSB1FebW397VI5uG1yhc3uavuaOb9vyJ,250000,10,64,True,False,4,10,200,10,10,10,13.0289714336395,0.77
141,lora_sim_chain,18,1000,PKdhtXMmr18n2L9K88eMlGn7CcctT9RwKSB1FebW397VI5uG1yhc3uavuaOb9vyJ,250000,11,64,True,False,4,10,200,10,10,10,13.028838634491,0.76
143,lora_sim_blocks,20,1000,PKdhtXMmr18n2L9K88eMlGn7CcctT9RwKSB1FebW397VI5uG1yhc3uavuaOb9vyJ,250000,8,64,True,False,4,10,200,10,10,10,13.0283839702606,0.75
144,lora_sim_chain,4,1000,PKdhtXMmr18n2L9K88eMlGn7CcctT9RwKSB1FebW397VI5uG1yhc3uavuaOb9vyJ,250000,8,64,True,False,4,10,200,10,10,10,13.0275096893311,0.59
145,lora_sim_chain,23,1000,PKdhtXMmr18n2L9K88eMlGn7CcctT9RwKSB1FebW397VI5uG1yhc3uavuaOb9vyJ,250000,10,64,True,False,4,10,200,10,10,10,13.0273644924164,1
146,lora_sim_blocks,21,1000,PKdhtXMmr18n2L9K88eMlGn7CcctT9RwKSB1FebW397VI5uG1yhc3uavuaOb9vyJ,250000,10,64,True,False,4,10,200,10,10,10,13.0264179706574,0.74
147,lora_sim_chain,21,1000,PKdhtXMmr18n2L9K88eMlGn7CcctT9RwKSB1FebW397VI5uG1yhc3uavuaOb9vyJ,250000,9,64,True,False,4,10,200,10,10,10,13.0259671211243,1.29
148,lora_sim_chain,20,1000,PKdhtXMmr18n2L9K88eMlGn7CcctT9RwKSB1FebW397VI5uG1yhc3uavuaOb9vyJ,250000,9,64,True,False,4,10,200,10,10,10,13.0258719921112,0.91
149,lora_sim_chain,5,1000,PKdhtXMmr18n2L9K88eMlGn7CcctT9RwKSB1FebW397VI5uG1yhc3uavuaOb9vyJ,250000,10,64,True,False,4,10,200,10,10,10,13.0251462459564,1.11
150,lora_sim_chain,22,1000,PKdhtXMmr18n2L9K88eMlGn7CcctT9RwKSB1FebW397VI5uG1yhc3uavuaOb9vyJ,250000,10,64,True,False,4,10,200,10,10,10,13.0246436595917,0.84
151,lora_sim_blocks,19,1000,PKdhtXMmr18n2L9K88eMlGn7CcctT9RwKSB1FebW397VI5uG1yhc3uavuaOb9vyJ,250000,10,64,True,False,4,10,200,10,10,10,13.024364233017,0.47
152,lora_sim_chain,15,1000,PKdhtXMmr18n2L9K88eMlGn7CcctT9RwKSB1FebW397VI5uG1yhc3uavuaOb9vyJ,250000,9,64,True,False,4,10,200,10,10,10,13.0233521461487,0.57
153,lora_sim_blocks,22,1000,PKdhtXMmr18n2L9K88eMlGn7CcctT9RwKSB1FebW397VI5uG1yhc3uavuaOb9vyJ,250000,11,64,True,False,4,10,200,10,10,10,13.0233476161957,0.32
154,lora_sim_blocks,16,1000,PKdhtXMmr18n2L9K88eMlGn7CcctT9RwKSB1FebW397VI5uG1yhc3uavuaOb9vyJ,250000,11,64,True,False,4,10,200,10,10,10,13.0227289199829,0.18
155,lora_sim_blocks,21,1000,PKdhtXMmr18n2L9K88eMlGn7CcctT9RwKSB1FebW397VI5uG1yhc3uavuaOb9vyJ,250000,7,64,True,False,4,10,200,10,10,10,13.0223331451416,0.84
156,lora_sim_blocks,15,1000,PKdhtXMmr18n2L9K88eMlGn7CcctT9RwKSB1FebW397VI5uG1yhc3uavuaOb9vyJ,250000,11,64,True,False,4,10,200,10,10,10,13.0220181941986,0.1
157,lora_sim_chain,16,1000,PKdhtXMmr18n2L9K88eMlGn7CcctT9RwKSB1FebW397VI5uG1yhc3uavuaOb9vyJ,250000,10,64,True,False,4,10,200,10,10,10,13.0209610462189,0.78
158,lora_sim_blocks,2,1000,PKdhtXMmr18n2L9K88eMlGn7CcctT9RwKSB1FebW397VI5uG1yhc3uavuaOb9vyJ,250000,7,64,True,False,4,10,200,10,10,10,13.0209360122681,1.17
159,lora_sim_chain,12,1000,PKdhtXMmr18n2L9K88eMlGn7CcctT9RwKSB1FebW397VI5uG1yhc3uavuaOb9vyJ,250000,11,64,True,False,4,10,200,10,10,10,13.0207834243774,0.12
160,lora_sim_chain,20,1000,PKdhtXMmr18n2L9K88eMlGn7CcctT9RwKSB1FebW397VI5uG1yhc3uavuaOb9vyJ,250000,10,64,True,False,4,10,200,10,10,10,13.0206325054169,0.99
161,lora_sim_chain,14,1000,PKdhtXMmr18n2L9K88eMlGn7CcctT9RwKSB1FebW397VI5uG1yhc3uavuaOb9vyJ,250000,8,64,True,False,4,10,200,10,10,10,13.0195798873901,0.39
162,lora_sim_chain,22,1000,PKdhtXMmr18n2L9K88eMlGn7CcctT9RwKSB1FebW397VI5uG1yhc3uavuaOb9vyJ,250000,9,64,True,False,4,10,200,10,10,10,13.0192215442657,0.9
163,lora_sim_chain,5,1000,PKdhtXMmr18n2L9K88eMlGn7CcctT9RwKSB1FebW397VI5uG1yhc3uavuaOb9vyJ,250000,11,64,True,False,4,10,200,10,10,10,13.0192112922668,1
164,lora_sim_blocks,17,1000,PKdhtXMmr18n2L9K88eMlGn7CcctT9RwKSB1FebW397VI5uG1yhc3uavuaOb9vyJ,250000,11,64,True,False,4,10,200,10,10,10,13.0188941955566,0.1
165,lora_sim_chain,19,1000,PKdhtXMmr18n2L9K88eMlGn7CcctT9RwKSB1FebW397VI5uG1yhc3uavuaOb9vyJ,250000,8,64,True,False,4,10,200,10,10,10,13.0188596248627,0.86
166,lora_sim_blocks,1,1000,PKdhtXMmr18n2L9K88eMlGn7CcctT9RwKSB1FebW397VI5uG1yhc3uavuaOb9vyJ,250000,8,64,True,False,4,10,200,9,10,10,13.0185148715973,0.52
167,lora_sim_chain,14,1000,PKdhtXMmr18n2L9K88eMlGn7CcctT9RwKSB1FebW397VI5uG1yhc3uavuaOb9vyJ,250000,7,64,True,False,4,10,200,10,10,10,13.0183727741241,0.36
168,lora_sim_blocks,14,1000,PKdhtXMmr18n2L9K88eMlGn7CcctT9RwKSB1FebW397VI5uG1yhc3uavuaOb9vyJ,250000,9,64,True,False,4,10,200,10,10,10,13.017826795578,0.13
169,lora_sim_blocks,20,1000,PKdhtXMmr18n2L9K88eMlGn7CcctT9RwKSB1FebW397VI5uG1yhc3uavuaOb9vyJ,250000,7,64,True,False,4,10,200,10,10,10,13.0175263881683,0.7
170,lora_sim_chain,5,1000,PKdhtXMmr18n2L9K88eMlGn7CcctT9RwKSB1FebW397VI5uG1yhc3uavuaOb9vyJ,250000,7,64,True,False,4,10,200,10,10,10,13.017308473587,0.81
171,lora_sim_blocks,13,1000,PKdhtXMmr18n2L9K88eMlGn7CcctT9RwKSB1FebW397VI5uG1yhc3uavuaOb9vyJ,250000,11,64,True,False,4,10,200,10,10,10,13.0172612667084,0.25
172,lora_sim_chain,4,1000,PKdhtXMmr18n2L9K88eMlGn7CcctT9RwKSB1FebW397VI5uG1yhc3uavuaOb9vyJ,250000,11,64,True,False,4,10,200,10,10,10,13.0171825885773,0.85
173,lora_sim_blocks,21,1000,PKdhtXMmr18n2L9K88eMlGn7CcctT9RwKSB1FebW397VI5uG1yhc3uavuaOb9vyJ,250000,9,64,True,False,4,10,200,10,10,10,13.0162382125855,0.78
174,lora_sim_blocks,20,1000,PKdhtXMmr18n2L9K88eMlGn7CcctT9RwKSB1FebW397VI5uG1yhc3uavuaOb9vyJ,250000,10,64,True,False,4,10,200,10,10,10,13.0160694122314,0.94
175,lora_sim_blocks,19,1000,PKdhtXMmr18n2L9K88eMlGn7CcctT9RwKSB1FebW397VI5uG1yhc3uavuaOb9vyJ,250000,8,64,True,False,4,10,200,10,10,10,13.0160233974457,0.55
176,lora_sim_chain,16,1000,PKdhtXMmr18n2L9K88eMlGn7CcctT9RwKSB1FebW397VI5uG1yhc3uavuaOb9vyJ,250000,7,64,True,False,4,10,200,10,10,10,13.0154666900635,0.81
177,lora_sim_chain,8,1000,PKdhtXMmr18n2L9K88eMlGn7CcctT9RwKSB1FebW397VI5uG1yhc3uavuaOb9vyJ,250000,11,64,True,False,4,10,200,10,10,10,13.0146515369415,0.33
178,lora_sim_chain,13,1000,PKdhtXMmr18n2L9K88eMlGn7CcctT9RwKSB1FebW397VI5uG1yhc3uavuaOb9vyJ,250000,9,64,True,False,4,10,200,10,10,10,13.0145144462585,0.13
179,lora_sim_chain,2,1000,PKdhtXMmr18n2L9K88eMlGn7CcctT9RwKSB1FebW397VI5uG1yhc3uavuaOb9vyJ,250000,11,64,True,False,4,10,200,10,10,10,13.0143857002258,1.04
180,lora_sim_blocks,24,1000,PKdhtXMmr18n2L9K88eMlGn7CcctT9RwKSB1FebW397VI5uG1yhc3uavuaOb9vyJ,250000,11,64,True,False,4,10,200,10,10,10,13.0143465995789,0.85
181,lora_sim_chain,4,1000,PKdhtXMmr18n2L9K88eMlGn7CcctT9RwKSB1FebW397VI5uG1yhc3uavuaOb9vyJ,250000,9,64,True,False,4,10,200,9,10,10,13.0142817497253,0.99
182,lora_sim_blocks,3,1000,PKdhtXMmr18n2L9K88eMlGn7CcctT9RwKSB1FebW397VI5uG1yhc3uavuaOb9vyJ,250000,11,64,True,False,4,10,200,10,10,10,13.0142087936401,0.75
183,lora_sim_chain,16,1000,PKdhtXMmr18n2L9K88eMlGn7CcctT9RwKSB1FebW397VI5uG1yhc3uavuaOb9vyJ,250000,9,64,True,False,4,10,200,10,10,10,13.0138595104218,0.73
184,lora_sim_chain,3,1000,PKdhtXMmr18n2L9K88eMlGn7CcctT9RwKSB1FebW397VI5uG1yhc3uavuaOb9vyJ,250000,11,64,True,False,4,10,200,10,10,10,13.0135004520416,0.86
185,lora_sim_chain,0,1000,PKdhtXMmr18n2L9K88eMlGn7CcctT9RwKSB1FebW397VI5uG1yhc3uavuaOb9vyJ,250000,9,64,True,False,4,10,200,10,10,10,13.0132913589478,1.06
186,lora_sim_blocks,14,1000,PKdhtXMmr18n2L9K88eMlGn7CcctT9RwKSB1FebW397VI5uG1yhc3uavuaOb9vyJ,250000,11,64,True,False,4,10,200,10,10,10,13.0132684707642,0.15
187,lora_sim_chain,16,1000,PKdhtXMmr18n2L9K88eMlGn7CcctT9RwKSB1FebW397VI5uG1yhc3uavuaOb9vyJ,250000,8,64,True,False,4,10,200,10,10,10,13.0132360458374,0.76
188,lora_sim_chain,13,1000,PKdhtXMmr18n2L9K88eMlGn7CcctT9RwKSB1FebW397VI5uG1yhc3uavuaOb9vyJ,250000,11,64,True,False,4,10,200,10,10,10,13.0130372047424,0.09
189,lora_sim_chain,23,1000,PKdhtXMmr18n2L9K88eMlGn7CcctT9RwKSB1FebW397VI5uG1yhc3uavuaOb9vyJ,250000,8,64,True,False,4,10,200,10,10,10,13.0129544734955,0.52
190,lora_sim_chain,17,1000,PKdhtXMmr18n2L9K88eMlGn7CcctT9RwKSB1FebW397VI5uG1yhc3uavuaOb9vyJ,250000,9,64,True,False,4,10,200,10,10,10,13.012868642807,0.82
191,lora_sim_blocks,18,1000,PKdhtXMmr18n2L9K88eMlGn7CcctT9RwKSB1FebW397VI5uG1yhc3uavuaOb9vyJ,250000,9,64,True,False,4,10,200,10,10,10,13.0127699375153,0.28
192,lora_sim_blocks,13,1000,PKdhtXMmr18n2L9K88eMlGn7CcctT9RwKSB1FebW397VI5uG1yhc3uavuaOb9vyJ,250000,7,64,True,False,4,10,200,10,10,10,13.012731552124,0.17
193,lora_sim_blocks,21,1000,PKdhtXMmr18n2L9K88eMlGn7CcctT9RwKSB1FebW397VI5uG1yhc3uavuaOb9vyJ,250000,8,64,True,False,4,10,200,10,10,10,13.0126519203186,0.72
194,lora_sim_chain,8,1000,PKdhtXMmr18n2L9K88eMlGn7CcctT9RwKSB1FebW397VI5uG1yhc3uavuaOb9vyJ,250000,10,64,True,False,4,10,200,10,10,10,13.012576341629,0.38
195,lora_sim_chain,11,1000,PKdhtXMmr18n2L9K88eMlGn7CcctT9RwKSB1FebW397VI5uG1yhc3uavuaOb9vyJ,250000,8,64,True,False,4,10,200,10,10,10,13.0124900341034,0.3
196,lora_sim_blocks,24,1000,PKdhtXMmr18n2L9K88eMlGn7CcctT9RwKSB1FebW397VI5uG1yhc3uavuaOb9vyJ,250000,9,64,True,False,4,10,200,10,10,10,13.0122494697571,1.29
197,lora_sim_chain,0,1000,PKdhtXMmr18n2L9K88eMlGn7CcctT9RwKSB1FebW397VI5uG1yhc3uavuaOb9vyJ,250000,11,64,True,False,4,10,200,10,10,10,13.0122418403625,0.77
198,lora_sim_chain,17,1000,PKdhtXMmr18n2L9K88eMlGn7CcctT9RwKSB1FebW397VI5uG1yhc3uavuaOb9vyJ,250000,7,64,True,False,4,10,200,10,10,10,13.0119352340698,0.7
199,lora_sim_chain,3,1000,PKdhtXMmr18n2L9K88eMlGn7CcctT9RwKSB1FebW397VI5uG1yhc3uavuaOb9vyJ,250000,8,64,True,False,4,10,200,10,10,10,13.0118882656097,0.55
200,lora_sim_blocks,2,1000,PKdhtXMmr18n2L9K88eMlGn7CcctT9RwKSB1FebW397VI5uG1yhc3uavuaOb9vyJ,250000,11,64,True,False,4,10,200,9,10,9,13.0117354393005,1.04
201,lora_sim_blocks,24,1000,PKdhtXMmr18n2L9K88eMlGn7CcctT9RwKSB1FebW397VI5uG1yhc3uavuaOb9vyJ,250000,10,64,True,False,4,10,200,10,10,10,13.0113589763641,1
202,lora_sim_chain,19,1000,PKdhtXMmr18n2L9K88eMlGn7CcctT9RwKSB1FebW397VI5uG1yhc3uavuaOb9vyJ,250000,10,64,True,False,4,10,200,10,10,10,13.010950088501,0.84
203,lora_sim_blocks,15,1000,PKdhtXMmr18n2L9K88eMlGn7CcctT9RwKSB1FebW397VI5uG1yhc3uavuaOb9vyJ,250000,10,64,True,False,4,10,200,10,10,10,13.0109195709229,0.13
204,lora_sim_chain,5,1000,PKdhtXMmr18n2L9K88eMlGn7CcctT9RwKSB1FebW397VI5uG1yhc3uavuaOb9vyJ,250000,8,64,True,False,4,10,200,10,10,10,13.010810136795,1.38
205,lora_sim_chain,17,1000,PKdhtXMmr18n2L9K88eMlGn7CcctT9RwKSB1FebW397VI5uG1yhc3uavuaOb9vyJ,250000,8,64,True,False,4,10,200,10,10,10,13.0106520652771,0.76
206,lora_sim_blocks,23,1000,PKdhtXMmr18n2L9K88eMlGn7CcctT9RwKSB1FebW397VI5uG1yhc3uavuaOb9vyJ,250000,10,64,True,False,4,10,200,10,10,10,13.010561466217,0.16
207,lora_sim_blocks,17,1000,PKdhtXMmr18n2L9K88eMlGn7CcctT9RwKSB1FebW397VI5uG1yhc3uavuaOb9vyJ,250000,7,64,True,False,4,10,200,10,10,10,13.0104587078095,0.24
208,lora_sim_chain,4,1000,PKdhtXMmr18n2L9K88eMlGn7CcctT9RwKSB1FebW397VI5uG1yhc3uavuaOb9vyJ,250000,10,64,True,False,4,10,200,10,10,10,13.0103027820587,0.92
209,lora_sim_chain,12,1000,PKdhtXMmr18n2L9K88eMlGn7CcctT9RwKSB1FebW397VI5uG1yhc3uavuaOb9vyJ,250000,8,64,True,False,4,10,200,10,10,10,13.0102725028992,0.13
210,lora_sim_chain,5,1000,PKdhtXMmr18n2L9K88eMlGn7CcctT9RwKSB1FebW397VI5uG1yhc3uavuaOb9vyJ,250000,9,64,True,False,4,10,200,9,10,9,13.0102579593658,1.23
211,lora_sim_blocks,2,1000,PKdhtXMmr18n2L9K88eMlGn7CcctT9RwKSB1FebW397VI5uG1yhc3uavuaOb9vyJ,250000,10,64,True,False,4,10,200,10,10,10,13.0098876953125,0.64
212,lora_sim_blocks,12,1000,PKdhtXMmr18n2L9K88eMlGn7CcctT9RwKSB1FebW397VI5uG1yhc3uavuaOb9vyJ,250000,8,64,True,False,4,10,200,10,10,10,13.0098688602448,0.32
213,lora_sim_chain,15,1000,PKdhtXMmr18n2L9K88eMlGn7CcctT9RwKSB1FebW397VI5uG1yhc3uavuaOb9vyJ,250000,8,64,True,False,4,10,200,10,10,10,13.0095999240875,0.54
214,lora_sim_blocks,13,1000,PKdhtXMmr18n2L9K88eMlGn7CcctT9RwKSB1FebW397VI5uG1yhc3uavuaOb9vyJ,250000,10,64,True,False,4,10,200,10,10,10,13.0095324516296,0.3
215,lora_sim_blocks,11,1000,PKdhtXMmr18n2L9K88eMlGn7CcctT9RwKSB1FebW397VI5uG1yhc3uavuaOb9vyJ,250000,11,64,True,False,4,10,200,10,10,10,13.0092356204987,0.57
216,lora_sim_blocks,22,1000,PKdhtXMmr18n2L9K88eMlGn7CcctT9RwKSB1FebW397VI5uG1yhc3uavuaOb9vyJ,250000,9,64,True,False,4,10,200,10,10,10,13.0090856552124,0.43
217,lora_sim_blocks,23,1000,PKdhtXMmr18n2L9K88eMlGn7CcctT9RwKSB1FebW397VI5uG1yhc3uavuaOb9vyJ,250000,11,64,True,False,4,10,200,10,10,10,13.0090556144714,0.14
218,lora_sim_blocks,17,1000,PKdhtXMmr18n2L9K88eMlGn7CcctT9RwKSB1FebW397VI5uG1yhc3uavuaOb9vyJ,250000,10,64,True,False,4,10,200,10,10,10,13.0089023113251,0.12
219,lora_sim_blocks,3,1000,PKdhtXMmr18n2L9K88eMlGn7CcctT9RwKSB1FebW397VI5uG1yhc3uavuaOb9vyJ,250000,10,64,True,False,4,10,200,10,10,10,13.0087857246399,0.96
220,lora_sim_blocks,11,1000,PKdhtXMmr18n2L9K88eMlGn7CcctT9RwKSB1FebW397VI5uG1yhc3uavuaOb9vyJ,250000,10,64,True,False,4,10,200,10,10,10,13.0085501670837,0.73
221,lora_sim_chain,11,1000,PKdhtXMmr18n2L9K88eMlGn7CcctT9RwKSB1FebW397VI5uG1yhc3uavuaOb9vyJ,250000,7,64,True,False,4,10,200,10,10,10,13.0084533691406,0.3
222,lora_sim_chain,10,1000,PKdhtXMmr18n2L9K88eMlGn7CcctT9RwKSB1FebW397VI5uG1yhc3uavuaOb9vyJ,250000,8,64,True,False,4,10,200,10,10,10,13.007949590683,0.29
223,lora_sim_blocks,23,1000,PKdhtXMmr18n2L9K88eMlGn7CcctT9RwKSB1FebW397VI5uG1yhc3uavuaOb9vyJ,250000,9,64,True,False,4,10,200,10,10,10,13.0078740119934,0.21
224,lora_sim_blocks,2,1000,PKdhtXMmr18n2L9K88eMlGn7CcctT9RwKSB1FebW397VI5uG1yhc3uavuaOb9vyJ,250000,8,64,True,False,4,10,200,10,10,10,13.0078637599945,0.98
225,lora_sim_blocks,3,1000,PKdhtXMmr18n2L9K88eMlGn7CcctT9RwKSB1FebW397VI5uG1yhc3uavuaOb9vyJ,250000,7,64,True,False,4,10,200,9,10,9,13.0076944828033,0.63
226,lora_sim_chain,15,1000,PKdhtXMmr18n2L9K88eMlGn7CcctT9RwKSB1FebW397VI5uG1yhc3uavuaOb9vyJ,250000,7,64,True,False,4,10,200,10,10,10,13.0076680183411,0.55
227,lora_sim_chain,0,1000,PKdhtXMmr18n2L9K88eMlGn7CcctT9RwKSB1FebW397VI5uG1yhc3uavuaOb9vyJ,250000,7,64,True,False,4,10,200,10,10,10,13.0076103210449,0.72
228,lora_sim_blocks,17,1000,PKdhtXMmr18n2L9K88eMlGn7CcctT9RwKSB1FebW397VI5uG1yhc3uavuaOb9vyJ,250000,9,64,True,False,4,10,200,10,10,10,13.0075991153717,0.16
229,lora_sim_blocks,4,1000,PKdhtXMmr18n2L9K88eMlGn7CcctT9RwKSB1FebW397VI5uG1yhc3uavuaOb9vyJ,250000,7,64,True,False,4,10,200,9,10,9,13.0073812007904,0.67
230,lora_sim_chain,13,1000,PKdhtXMmr18n2L9K88eMlGn7CcctT9RwKSB1FebW397VI5uG1yhc3uavuaOb9vyJ,250000,10,64,True,False,4,10,200,10,10,10,13.0072989463806,0.1
231,lora_sim_blocks,18,1000,PKdhtXMmr18n2L9K88eMlGn7CcctT9RwKSB1FebW397VI5uG1yhc3uavuaOb9vyJ,250000,10,64,True,False,4,10,200,10,10,10,13.0067665576935,0.21
232,lora_sim_blocks,13,1000,PKdhtXMmr18n2L9K88eMlGn7CcctT9RwKSB1FebW397VI5uG1yhc3uavuaOb9vyJ,250000,9,64,True,False,4,10,200,10,10,10,13.0065615177155,0.38
233,lora_sim_blocks,14,1000,PKdhtXMmr18n2L9K88eMlGn7CcctT9RwKSB1FebW397VI5uG1yhc3uavuaOb9vyJ,250000,8,64,True,False,4,10,200,10,10,10,13.0059764385223,0.17
234,lora_sim_chain,9,1000,PKdhtXMmr18n2L9K88eMlGn7CcctT9RwKSB1FebW397VI5uG1yhc3uavuaOb9vyJ,250000,9,64,True,False,4,10,200,10,10,10,13.0056068897247,0.52
235,lora_sim_blocks,12,1000,PKdhtXMmr18n2L9K88eMlGn7CcctT9RwKSB1FebW397VI5uG1yhc3uavuaOb9vyJ,250000,7,64,True,False,4,10,200,10,10,10,13.0055584907532,0.41
236,lora_sim_chain,19,1000,PKdhtXMmr18n2L9K88eMlGn7CcctT9RwKSB1FebW397VI5uG1yhc3uavuaOb9vyJ,250000,9,64,True,False,4,10,200,10,10,10,13.0054154396057,0.88
237,lora_sim_chain,3,1000,PKdhtXMmr18n2L9K88eMlGn7CcctT9RwKSB1FebW397VI5uG1yhc3uavuaOb9vyJ,250000,10,64,True,False,4,10,200,10,10,10,13.0052714347839,0.66
238,lora_sim_blocks,14,1000,PKdhtXMmr18n2L9K88eMlGn7CcctT9RwKSB1FebW397VI5uG1yhc3uavuaOb9vyJ,250000,7,64,True,False,4,10,200,10,10,10,13.0052452087402,0.2
239,lora_sim_blocks,15,1000,PKdhtXMmr18n2L9K88eMlGn7CcctT9RwKSB1FebW397VI5uG1yhc3uavuaOb9vyJ,250000,9,64,True,False,4,10,200,10,10,10,13.0051906108856,0.16
240,lora_sim_chain,10,1000,PKdhtXMmr18n2L9K88eMlGn7CcctT9RwKSB1FebW397VI5uG1yhc3uavuaOb9vyJ,250000,9,64,True,False,4,10,200,10,10,10,13.0049991607666,0.23
241,lora_sim_chain,1,1000,PKdhtXMmr18n2L9K88eMlGn7CcctT9RwKSB1FebW397VI5uG1yhc3uavuaOb9vyJ,250000,9,64,True,False,4,10,200,10,10,10,13.004852771759,0.68
242,lora_sim_blocks,23,1000,PKdhtXMmr18n2L9K88eMlGn7CcctT9RwKSB1FebW397VI5uG1yhc3uavuaOb9vyJ,250000,8,64,True,False,4,10,200,10,10,10,13.0047781467438,0.25
243,lora_sim_chain,0,1000,PKdhtXMmr18n2L9K88eMlGn7CcctT9RwKSB1FebW397VI5uG1yhc3uavuaOb9vyJ,250000,8,64,True,False,4,10,200,10,10,10,13.0047130584717,1.37
244,lora_sim_blocks,24,1000,PKdhtXMmr18n2L9K88eMlGn7CcctT9RwKSB1FebW397VI5uG1yhc3uavuaOb9vyJ,250000,7,64,True,False,4,10,200,10,10,10,13.0043947696686,0.86
245,lora_sim_chain,10,1000,PKdhtXMmr18n2L9K88eMlGn7CcctT9RwKSB1FebW397VI5uG1yhc3uavuaOb9vyJ,250000,10,64,True,False,4,10,200,10,10,10,13.0043716430664,0.19
246,lora_sim_chain,2,1000,PKdhtXMmr18n2L9K88eMlGn7CcctT9RwKSB1FebW397VI5uG1yhc3uavuaOb9vyJ,250000,10,64,True,False,4,10,200,10,10,10,13.0042459964752,0.5
247,lora_sim_blocks,16,1000,PKdhtXMmr18n2L9K88eMlGn7CcctT9RwKSB1FebW397VI5uG1yhc3uavuaOb9vyJ,250000,9,64,True,False,4,10,200,10,10,10,13.0040283203125,0.21
248,lora_sim_blocks,4,1000,PKdhtXMmr18n2L9K88eMlGn7CcctT9RwKSB1FebW397VI5uG1yhc3uavuaOb9vyJ,250000,8,64,True,False,4,10,200,10,10,10,13.0039196014404,0.52
249,lora_sim_chain,9,1000,PKdhtXMmr18n2L9K88eMlGn7CcctT9RwKSB1FebW397VI5uG1yhc3uavuaOb9vyJ,250000,11,64,True,False,4,10,200,10,10,10,13.0037548542023,0.34
250,lora_sim_chain,13,1000,PKdhtXMmr18n2L9K88eMlGn7CcctT9RwKSB1FebW397VI5uG1yhc3uavuaOb9vyJ,250000,8,64,True,False,4,10,200,10,10,10,13.0036408901215,0.16
251,lora_sim_chain,12,1000,PKdhtXMmr18n2L9K88eMlGn7CcctT9RwKSB1FebW397VI5uG1yhc3uavuaOb9vyJ,250000,7,64,True,False,4,10,200,10,10,10,13.0034186840057,0.16
252,lora_sim_blocks,22,1000,PKdhtXMmr18n2L9K88eMlGn7CcctT9RwKSB1FebW397VI5uG1yhc3uavuaOb9vyJ,250000,8,64,True,False,4,10,200,10,10,10,13.0034036636353,0.51
253,lora_sim_blocks,16,1000,PKdhtXMmr18n2L9K88eMlGn7CcctT9RwKSB1FebW397VI5uG1yhc3uavuaOb9vyJ,250000,7,64,True,False,4,10,200,10,10,10,13.0033295154572,0.14
254,lora_sim_chain,11,1000,PKdhtXMmr18n2L9K88eMlGn7CcctT9RwKSB1FebW397VI5uG1yhc3uavuaOb9vyJ,250000,10,64,True,False,4,10,200,10,10,10,13.0033004283905,0.2
255,lora_sim_blocks,12,1000,PKdhtXMmr18n2L9K88eMlGn7CcctT9RwKSB1FebW397VI5uG1yhc3uavuaOb9vyJ,250000,9,64,True,False,4,10,200,10,10,10,13.003101348877,0.27
256,lora_sim_chain,2,1000,PKdhtXMmr18n2L9K88eMlGn7CcctT9RwKSB1FebW397VI5uG1yhc3uavuaOb9vyJ,250000,8,64,True,False,4,10,200,10,10,10,13.0028994083405,0.26
257,lora_sim_blocks,18,1000,PKdhtXMmr18n2L9K88eMlGn7CcctT9RwKSB1FebW397VI5uG1yhc3uavuaOb9vyJ,250000,7,64,True,False,4,10,200,10,10,10,13.0028455257416,0.32
258,lora_sim_chain,12,1000,PKdhtXMmr18n2L9K88eMlGn7CcctT9RwKSB1FebW397VI5uG1yhc3uavuaOb9vyJ,250000,9,64,True,False,4,10,200,10,10,10,13.0028228759766,0.11
259,lora_sim_chain,10,1000,PKdhtXMmr18n2L9K88eMlGn7CcctT9RwKSB1FebW397VI5uG1yhc3uavuaOb9vyJ,250000,7,64,True,False,4,10,200,10,10,10,13.0028064250946,0.25
260,lora_sim_chain,8,1000,PKdhtXMmr18n2L9K88eMlGn7CcctT9RwKSB1FebW397VI5uG1yhc3uavuaOb9vyJ,250000,9,64,True,False,4,10,200,10,10,10,13.0027749538422,0.31
261,lora_sim_chain,1,1000,PKdhtXMmr18n2L9K88eMlGn7CcctT9RwKSB1FebW397VI5uG1yhc3uavuaOb9vyJ,250000,10,64,True,False,4,10,200,10,10,10,13.0027256011963,0.58
262,lora_sim_blocks,0,1000,PKdhtXMmr18n2L9K88eMlGn7CcctT9RwKSB1FebW397VI5uG1yhc3uavuaOb9vyJ,250000,10,64,True,False,4,10,200,10,10,10,13.002650976181,1.01
263,lora_sim_chain,11,1000,PKdhtXMmr18n2L9K88eMlGn7CcctT9RwKSB1FebW397VI5uG1yhc3uavuaOb9vyJ,250000,11,64,True,False,4,10,200,10,10,10,13.0026125907898,0.15
264,lora_sim_chain,1,1000,PKdhtXMmr18n2L9K88eMlGn7CcctT9RwKSB1FebW397VI5uG1yhc3uavuaOb9vyJ,250000,11,64,True,False,4,10,200,10,10,10,13.0024647712708,0.45
265,lora_sim_chain,3,1000,PKdhtXMmr18n2L9K88eMlGn7CcctT9RwKSB1FebW397VI5uG1yhc3uavuaOb9vyJ,250000,7,64,True,False,4,10,200,10,10,10,13.002005815506,0.7
266,lora_sim_blocks,16,1000,PKdhtXMmr18n2L9K88eMlGn7CcctT9RwKSB1FebW397VI5uG1yhc3uavuaOb9vyJ,250000,8,64,True,False,4,10,200,10,10,10,13.0019752979279,0.25
267,lora_sim_blocks,18,1000,PKdhtXMmr18n2L9K88eMlGn7CcctT9RwKSB1FebW397VI5uG1yhc3uavuaOb9vyJ,250000,8,64,True,False,4,10,200,10,10,10,13.001816034317,0.27
268,lora_sim_blocks,14,1000,PKdhtXMmr18n2L9K88eMlGn7CcctT9RwKSB1FebW397VI5uG1yhc3uavuaOb9vyJ,250000,10,64,True,False,4,10,200,10,10,10,13.0017669200897,0.11
269,lora_sim_blocks,22,1000,PKdhtXMmr18n2L9K88eMlGn7CcctT9RwKSB1FebW397VI5uG1yhc3uavuaOb9vyJ,250000,10,64,True,False,4,10,200,10,10,10,13.0015881061554,0.41
270,lora_sim_blocks,22,1000,PKdhtXMmr18n2L9K88eMlGn7CcctT9RwKSB1FebW397VI5uG1yhc3uavuaOb9vyJ,250000,7,64,True,False,4,10,200,10,10,10,13.0013637542725,0.66
271,lora_sim_chain,1,1000,PKdhtXMmr18n2L9K88eMlGn7CcctT9RwKSB1FebW397VI5uG1yhc3uavuaOb9vyJ,250000,7,64,True,False,4,10,200,10,10,10,13.0012273788452,0.53
272,lora_sim_blocks,12,1000,PKdhtXMmr18n2L9K88eMlGn7CcctT9RwKSB1FebW397VI5uG1yhc3uavuaOb9vyJ,250000,10,64,True,False,4,10,200,10,10,10,13.0011229515076,0.21
273,lora_sim_blocks,3,1000,PKdhtXMmr18n2L9K88eMlGn7CcctT9RwKSB1FebW397VI5uG1yhc3uavuaOb9vyJ,250000,9,64,True,False,4,10,200,9,10,9,13.0010035037994,1.14
274,lora_sim_blocks,3,1000,PKdhtXMmr18n2L9K88eMlGn7CcctT9RwKSB1FebW397VI5uG1yhc3uavuaOb9vyJ,250000,8,64,True,False,4,10,200,10,10,10,13.0009651184082,1.35
275,lora_sim_blocks,4,1000,PKdhtXMmr18n2L9K88eMlGn7CcctT9RwKSB1FebW397VI5uG1yhc3uavuaOb9vyJ,250000,9,64,True,False,4,10,200,9,10,9,13.0007014274597,0.52
276,lora_sim_chain,0,1000,PKdhtXMmr18n2L9K88eMlGn7CcctT9RwKSB1FebW397VI5uG1yhc3uavuaOb9vyJ,250000,10,64,True,False,4,10,200,10,10,10,13.0006976127625,0.9
277,lora_sim_chain,2,1000,PKdhtXMmr18n2L9K88eMlGn7CcctT9RwKSB1FebW397VI5uG1yhc3uavuaOb9vyJ,250000,9,64,True,False,4,10,200,10,10,10,13.00057721138,0.36
278,lora_sim_chain,10,1000,PKdhtXMmr18n2L9K88eMlGn7CcctT9RwKSB1FebW397VI5uG1yhc3uavuaOb9vyJ,250000,11,64,True,False,4,10,200,10,10,10,13.0005552768707,0.28
279,lora_sim_blocks,15,1000,PKdhtXMmr18n2L9K88eMlGn7CcctT9RwKSB1FebW397VI5uG1yhc3uavuaOb9vyJ,250000,8,64,True,False,4,10,200,10,10,10,13.000515460968,0.21
280,lora_sim_blocks,2,1000,PKdhtXMmr18n2L9K88eMlGn7CcctT9RwKSB1FebW397VI5uG1yhc3uavuaOb9vyJ,250000,9,64,True,False,4,10,200,10,10,10,13.0004782676697,0.76
281,lora_sim_chain,9,1000,PKdhtXMmr18n2L9K88eMlGn7CcctT9RwKSB1FebW397VI5uG1yhc3uavuaOb9vyJ,250000,7,64,True,False,4,10,200,10,10,10,13.0004262924194,0.29
282,lora_sim_chain,12,1000,PKdhtXMmr18n2L9K88eMlGn7CcctT9RwKSB1FebW397VI5uG1yhc3uavuaOb9vyJ,250000,10,64,True,False,4,10,200,10,10,10,13.0004019737244,0.15
283,lora_sim_chain,9,1000,PKdhtXMmr18n2L9K88eMlGn7CcctT9RwKSB1FebW397VI5uG1yhc3uavuaOb9vyJ,250000,10,64,True,False,4,10,200,10,10,10,13.0001969337463,0.41
284,lora_sim_blocks,23,1000,PKdhtXMmr18n2L9K88eMlGn7CcctT9RwKSB1FebW397VI5uG1yhc3uavuaOb9vyJ,250000,7,64,True,False,4,10,200,10,10,10,12.9997594356537,0.32
285,lora_sim_chain,1,1000,PKdhtXMmr18n2L9K88eMlGn7CcctT9RwKSB1FebW397VI5uG1yhc3uavuaOb9vyJ,250000,8,64,True,False,4,10,200,10,10,10,12.9990956783295,0.79
286,lora_sim_blocks,16,1000,PKdhtXMmr18n2L9K88eMlGn7CcctT9RwKSB1FebW397VI5uG1yhc3uavuaOb9vyJ,250000,10,64,True,False,4,10,200,10,10,10,12.9987342357636,0.23
287,lora_sim_blocks,12,1000,PKdhtXMmr18n2L9K88eMlGn7CcctT9RwKSB1FebW397VI5uG1yhc3uavuaOb9vyJ,250000,11,64,True,False,4,10,200,10,10,10,12.9982724189758,0.18
288,lora_sim_chain,2,1000,PKdhtXMmr18n2L9K88eMlGn7CcctT9RwKSB1FebW397VI5uG1yhc3uavuaOb9vyJ,250000,7,64,True,False,4,10,200,10,10,10,12.9979100227356,0.33
289,lora_sim_chain,11,1000,PKdhtXMmr18n2L9K88eMlGn7CcctT9RwKSB1FebW397VI5uG1yhc3uavuaOb9vyJ,250000,9,64,True,False,4,10,200,10,10,10,12.9978995323181,0.23
290,lora_sim_chain,13,1000,PKdhtXMmr18n2L9K88eMlGn7CcctT9RwKSB1FebW397VI5uG1yhc3uavuaOb9vyJ,250000,7,64,True,False,4,10,200,10,10,10,12.9977076053619,0.2
291,lora_sim_chain,4,1000,PKdhtXMmr18n2L9K88eMlGn7CcctT9RwKSB1FebW397VI5uG1yhc3uavuaOb9vyJ,250000,7,64,True,False,4,10,200,10,10,10,12.9973275661469,0.61
292,lora_sim_blocks,17,1000,PKdhtXMmr18n2L9K88eMlGn7CcctT9RwKSB1FebW397VI5uG1yhc3uavuaOb9vyJ,250000,8,64,True,False,4,10,200,10,10,10,12.9972314834595,0.19
293,lora_sim_blocks,0,1000,PKdhtXMmr18n2L9K88eMlGn7CcctT9RwKSB1FebW397VI5uG1yhc3uavuaOb9vyJ,250000,9,64,True,False,4,10,200,9,10,9,12.995920419693,1.2
294,lora_sim_blocks,0,1000,PKdhtXMmr18n2L9K88eMlGn7CcctT9RwKSB1FebW397VI5uG1yhc3uavuaOb9vyJ,250000,8,64,True,False,4,10,200,10,10,10,12.9958148002625,1.37
295,lora_sim_chain,3,1000,PKdhtXMmr18n2L9K88eMlGn7CcctT9RwKSB1FebW397VI5uG1yhc3uavuaOb9vyJ,250000,9,64,True,False,4,10,200,10,10,10,12.995459318161,0.46
296,lora_sim_blocks,13,1000,PKdhtXMmr18n2L9K88eMlGn7CcctT9RwKSB1FebW397VI5uG1yhc3uavuaOb9vyJ,250000,8,64,True,False,4,10,200,10,10,10,12.9952082633972,0.14
297,lora_sim_chain,9,1000,PKdhtXMmr18n2L9K88eMlGn7CcctT9RwKSB1FebW397VI5uG1yhc3uavuaOb9vyJ,250000,8,64,True,False,4,10,200,10,10,10,12.9946444034576,0.4
298,lora_sim_blocks,24,1000,PKdhtXMmr18n2L9K88eMlGn7CcctT9RwKSB1FebW397VI5uG1yhc3uavuaOb9vyJ,250000,8,64,True,False,4,10,200,10,10,10,12.9943211078644,1.57
299,lora_sim_blocks,15,1000,PKdhtXMmr18n2L9K88eMlGn7CcctT9RwKSB1FebW397VI5uG1yhc3uavuaOb9vyJ,250000,7,64,True,False,4,10,200,10,10,10,12.9934477806091,0.09
